Copyright 1986-2022 Xilinx, Inc. All Rights Reserved. Copyright 2022-2023 Advanced Micro Devices, Inc. All Rights Reserved.
------------------------------------------------------------------------------------------------------------------------------------------------------------------------------------------------------------------------------
| Tool Version : Vivado v.2023.1 (win64) Build 3865809 Sun May  7 15:05:29 MDT 2023
| Date         : Mon Sep 14 19:34:26 2026
| Host         : ECS1607-01 running 64-bit major release  (build 9200)
| Command      : report_timing_summary -max_paths 10 -report_unconstrained -file rgb_led_top_timing_summary_routed.rpt -pb rgb_led_top_timing_summary_routed.pb -rpx rgb_led_top_timing_summary_routed.rpx -warn_on_violation
| Design       : rgb_led_top
| Device       : 7z010-clg400
| Speed File   : -1  PRODUCTION 1.12 2019-11-22
| Design State : Routed
------------------------------------------------------------------------------------------------------------------------------------------------------------------------------------------------------------------------------

Timing Summary Report

------------------------------------------------------------------------------------------------
| Timer Settings
| --------------
------------------------------------------------------------------------------------------------

  Enable Multi Corner Analysis               :  Yes
  Enable Pessimism Removal                   :  Yes
  Pessimism Removal Resolution               :  Nearest Common Node
  Enable Input Delay Default Clock           :  No
  Enable Preset / Clear Arcs                 :  No
  Disable Flight Delays                      :  No
  Ignore I/O Paths                           :  No
  Timing Early Launch at Borrowing Latches   :  No
  Borrow Time for Max Delay Exceptions       :  Yes
  Merge Timing Exceptions                    :  Yes

  Corner  Analyze    Analyze    
  Name    Max Paths  Min Paths  
  ------  ---------  ---------  
  Slow    Yes        Yes        
  Fast    Yes        Yes        


------------------------------------------------------------------------------------------------
| Report Methodology
| ------------------
------------------------------------------------------------------------------------------------

Rule       Severity  Description                    Violations  
---------  --------  -----------------------------  ----------  
TIMING-18  Warning   Missing input or output delay  7           

Note: This report is based on the most recent report_methodology run and may not be up-to-date. Run report_methodology on the current design for the latest report.



check_timing report

Table of Contents
-----------------
1. checking no_clock (0)
2. checking constant_clock (0)
3. checking pulse_width_clock (0)
4. checking unconstrained_internal_endpoints (0)
5. checking no_input_delay (4)
6. checking no_output_delay (3)
7. checking multiple_clock (0)
8. checking generated_clocks (0)
9. checking loops (0)
10. checking partial_input_delay (0)
11. checking partial_output_delay (0)
12. checking latch_loops (0)

1. checking no_clock (0)
------------------------
 There are 0 register/latch pins with no clock.


2. checking constant_clock (0)
------------------------------
 There are 0 register/latch pins with constant_clock.


3. checking pulse_width_clock (0)
---------------------------------
 There are 0 register/latch pins which need pulse_width check


4. checking unconstrained_internal_endpoints (0)
------------------------------------------------
 There are 0 pins that are not constrained for maximum delay.

 There are 0 pins that are not constrained for maximum delay due to constant clock.


5. checking no_input_delay (4)
------------------------------
 There are 4 input ports with no input delay specified. (HIGH)

 There are 0 input ports with no input delay but user has a false path constraint.


6. checking no_output_delay (3)
-------------------------------
 There are 3 ports with no output delay specified. (HIGH)

 There are 0 ports with no output delay but user has a false path constraint

 There are 0 ports with no output delay but with a timing clock defined on it or propagating through it


7. checking multiple_clock (0)
------------------------------
 There are 0 register/latch pins with multiple clocks.


8. checking generated_clocks (0)
--------------------------------
 There are 0 generated clocks that are not connected to a clock source.


9. checking loops (0)
---------------------
 There are 0 combinational loops in the design.


10. checking partial_input_delay (0)
------------------------------------
 There are 0 input ports with partial input delay specified.


11. checking partial_output_delay (0)
-------------------------------------
 There are 0 ports with partial output delay specified.


12. checking latch_loops (0)
----------------------------
 There are 0 combinational latch loops in the design through latch input



------------------------------------------------------------------------------------------------
| Design Timing Summary
| ---------------------
------------------------------------------------------------------------------------------------

    WNS(ns)      TNS(ns)  TNS Failing Endpoints  TNS Total Endpoints      WHS(ns)      THS(ns)  THS Failing Endpoints  THS Total Endpoints     WPWS(ns)     TPWS(ns)  TPWS Failing Endpoints  TPWS Total Endpoints  
    -------      -------  ---------------------  -------------------      -------      -------  ---------------------  -------------------     --------     --------  ----------------------  --------------------  
      3.364        0.000                      0                   55        0.261        0.000                      0                   55        3.500        0.000                       0                    29  


All user specified timing constraints are met.


------------------------------------------------------------------------------------------------
| Clock Summary
| -------------
------------------------------------------------------------------------------------------------

Clock        Waveform(ns)         Period(ns)      Frequency(MHz)
-----        ------------         ----------      --------------
sys_clk_pin  {0.000 4.000}        8.000           125.000         


------------------------------------------------------------------------------------------------
| Intra Clock Table
| -----------------
------------------------------------------------------------------------------------------------

Clock             WNS(ns)      TNS(ns)  TNS Failing Endpoints  TNS Total Endpoints      WHS(ns)      THS(ns)  THS Failing Endpoints  THS Total Endpoints     WPWS(ns)     TPWS(ns)  TPWS Failing Endpoints  TPWS Total Endpoints  
-----             -------      -------  ---------------------  -------------------      -------      -------  ---------------------  -------------------     --------     --------  ----------------------  --------------------  
sys_clk_pin         3.364        0.000                      0                   55        0.261        0.000                      0                   55        3.500        0.000                       0                    29  


------------------------------------------------------------------------------------------------
| Inter Clock Table
| -----------------
------------------------------------------------------------------------------------------------

From Clock    To Clock          WNS(ns)      TNS(ns)  TNS Failing Endpoints  TNS Total Endpoints      WHS(ns)      THS(ns)  THS Failing Endpoints  THS Total Endpoints  
----------    --------          -------      -------  ---------------------  -------------------      -------      -------  ---------------------  -------------------  


------------------------------------------------------------------------------------------------
| Other Path Groups Table
| -----------------------
------------------------------------------------------------------------------------------------

Path Group    From Clock    To Clock          WNS(ns)      TNS(ns)  TNS Failing Endpoints  TNS Total Endpoints      WHS(ns)      THS(ns)  THS Failing Endpoints  THS Total Endpoints  
----------    ----------    --------          -------      -------  ---------------------  -------------------      -------      -------  ---------------------  -------------------  


------------------------------------------------------------------------------------------------
| User Ignored Path Table
| -----------------------
------------------------------------------------------------------------------------------------

Path Group    From Clock    To Clock    
----------    ----------    --------    


------------------------------------------------------------------------------------------------
| Unconstrained Path Table
| ------------------------
------------------------------------------------------------------------------------------------

Path Group    From Clock    To Clock    
----------    ----------    --------    
(none)                                    
(none)        sys_clk_pin                 
(none)                      sys_clk_pin   


------------------------------------------------------------------------------------------------
| Timing Details
| --------------
------------------------------------------------------------------------------------------------


---------------------------------------------------------------------------------------------------
From Clock:  sys_clk_pin
  To Clock:  sys_clk_pin

Setup :            0  Failing Endpoints,  Worst Slack        3.364ns,  Total Violation        0.000ns
Hold  :            0  Failing Endpoints,  Worst Slack        0.261ns,  Total Violation        0.000ns
PW    :            0  Failing Endpoints,  Worst Slack        3.500ns,  Total Violation        0.000ns
---------------------------------------------------------------------------------------------------


Max Delay Paths
--------------------------------------------------------------------------------------
Slack (MET) :             3.364ns  (required time - arrival time)
  Source:                 uut/count_reg[1]/C
                            (rising edge-triggered cell FDRE clocked by sys_clk_pin  {rise@0.000ns fall@4.000ns period=8.000ns})
  Destination:            uut/count_reg[12]/R
                            (rising edge-triggered cell FDRE clocked by sys_clk_pin  {rise@0.000ns fall@4.000ns period=8.000ns})
  Path Group:             sys_clk_pin
  Path Type:              Setup (Max at Slow Process Corner)
  Requirement:            8.000ns  (sys_clk_pin rise@8.000ns - sys_clk_pin rise@0.000ns)
  Data Path Delay:        4.145ns  (logic 0.828ns (19.974%)  route 3.317ns (80.026%))
  Logic Levels:           3  (LUT4=2 LUT5=1)
  Clock Path Skew:        -0.026ns (DCD - SCD + CPR)
    Destination Clock Delay (DCD):    4.955ns = ( 12.955 - 8.000 ) 
    Source Clock Delay      (SCD):    5.410ns
    Clock Pessimism Removal (CPR):    0.429ns
  Clock Uncertainty:      0.035ns  ((TSJ^2 + TIJ^2)^1/2 + DJ) / 2 + PE
    Total System Jitter     (TSJ):    0.071ns
    Total Input Jitter      (TIJ):    0.000ns
    Discrete Jitter          (DJ):    0.000ns
    Phase Error              (PE):    0.000ns

    Location             Delay type                Incr(ns)  Path(ns)    Netlist Resource(s)
  -------------------------------------------------------------------    -------------------
                         (clock sys_clk_pin rise edge)
                                                      0.000     0.000 r  
    K17                                               0.000     0.000 r  sysclk (IN)
                         net (fo=0)                   0.000     0.000    sysclk
    K17                  IBUF (Prop_ibuf_I_O)         1.492     1.492 r  sysclk_IBUF_inst/O
                         net (fo=1, routed)           2.076     3.568    sysclk_IBUF
    BUFGCTRL_X0Y16       BUFG (Prop_bufg_I_O)         0.101     3.669 r  sysclk_IBUF_BUFG_inst/O
                         net (fo=28, routed)          1.741     5.410    uut/sysclk
    SLICE_X43Y51         FDRE                                         r  uut/count_reg[1]/C
  -------------------------------------------------------------------    -------------------
    SLICE_X43Y51         FDRE (Prop_fdre_C_Q)         0.456     5.866 r  uut/count_reg[1]/Q
                         net (fo=2, routed)           1.129     6.995    uut/count_reg[1]
    SLICE_X42Y54         LUT4 (Prop_lut4_I2_O)        0.124     7.119 f  uut/count[0]_i_9/O
                         net (fo=1, routed)           0.669     7.789    uut/count[0]_i_9_n_0
    SLICE_X42Y54         LUT5 (Prop_lut5_I4_O)        0.124     7.913 f  uut/count[0]_i_5/O
                         net (fo=2, routed)           0.618     8.530    uut/count[0]_i_5_n_0
    SLICE_X42Y53         LUT4 (Prop_lut4_I2_O)        0.124     8.654 r  uut/count[0]_i_1/O
                         net (fo=27, routed)          0.901     9.555    uut/count[0]_i_1_n_0
    SLICE_X43Y54         FDRE                                         r  uut/count_reg[12]/R
  -------------------------------------------------------------------    -------------------

                         (clock sys_clk_pin rise edge)
                                                      8.000     8.000 r  
    K17                                               0.000     8.000 r  sysclk (IN)
                         net (fo=0)                   0.000     8.000    sysclk
    K17                  IBUF (Prop_ibuf_I_O)         1.421     9.421 r  sysclk_IBUF_inst/O
                         net (fo=1, routed)           1.880    11.301    sysclk_IBUF
    BUFGCTRL_X0Y16       BUFG (Prop_bufg_I_O)         0.091    11.392 r  sysclk_IBUF_BUFG_inst/O
                         net (fo=28, routed)          1.563    12.955    uut/sysclk
    SLICE_X43Y54         FDRE                                         r  uut/count_reg[12]/C
                         clock pessimism              0.429    13.384    
                         clock uncertainty           -0.035    13.348    
    SLICE_X43Y54         FDRE (Setup_fdre_C_R)       -0.429    12.919    uut/count_reg[12]
  -------------------------------------------------------------------
                         required time                         12.919    
                         arrival time                          -9.555    
  -------------------------------------------------------------------
                         slack                                  3.364    

Slack (MET) :             3.364ns  (required time - arrival time)
  Source:                 uut/count_reg[1]/C
                            (rising edge-triggered cell FDRE clocked by sys_clk_pin  {rise@0.000ns fall@4.000ns period=8.000ns})
  Destination:            uut/count_reg[13]/R
                            (rising edge-triggered cell FDRE clocked by sys_clk_pin  {rise@0.000ns fall@4.000ns period=8.000ns})
  Path Group:             sys_clk_pin
  Path Type:              Setup (Max at Slow Process Corner)
  Requirement:            8.000ns  (sys_clk_pin rise@8.000ns - sys_clk_pin rise@0.000ns)
  Data Path Delay:        4.145ns  (logic 0.828ns (19.974%)  route 3.317ns (80.026%))
  Logic Levels:           3  (LUT4=2 LUT5=1)
  Clock Path Skew:        -0.026ns (DCD - SCD + CPR)
    Destination Clock Delay (DCD):    4.955ns = ( 12.955 - 8.000 ) 
    Source Clock Delay      (SCD):    5.410ns
    Clock Pessimism Removal (CPR):    0.429ns
  Clock Uncertainty:      0.035ns  ((TSJ^2 + TIJ^2)^1/2 + DJ) / 2 + PE
    Total System Jitter     (TSJ):    0.071ns
    Total Input Jitter      (TIJ):    0.000ns
    Discrete Jitter          (DJ):    0.000ns
    Phase Error              (PE):    0.000ns

    Location             Delay type                Incr(ns)  Path(ns)    Netlist Resource(s)
  -------------------------------------------------------------------    -------------------
                         (clock sys_clk_pin rise edge)
                                                      0.000     0.000 r  
    K17                                               0.000     0.000 r  sysclk (IN)
                         net (fo=0)                   0.000     0.000    sysclk
    K17                  IBUF (Prop_ibuf_I_O)         1.492     1.492 r  sysclk_IBUF_inst/O
                         net (fo=1, routed)           2.076     3.568    sysclk_IBUF
    BUFGCTRL_X0Y16       BUFG (Prop_bufg_I_O)         0.101     3.669 r  sysclk_IBUF_BUFG_inst/O
                         net (fo=28, routed)          1.741     5.410    uut/sysclk
    SLICE_X43Y51         FDRE                                         r  uut/count_reg[1]/C
  -------------------------------------------------------------------    -------------------
    SLICE_X43Y51         FDRE (Prop_fdre_C_Q)         0.456     5.866 r  uut/count_reg[1]/Q
                         net (fo=2, routed)           1.129     6.995    uut/count_reg[1]
    SLICE_X42Y54         LUT4 (Prop_lut4_I2_O)        0.124     7.119 f  uut/count[0]_i_9/O
                         net (fo=1, routed)           0.669     7.789    uut/count[0]_i_9_n_0
    SLICE_X42Y54         LUT5 (Prop_lut5_I4_O)        0.124     7.913 f  uut/count[0]_i_5/O
                         net (fo=2, routed)           0.618     8.530    uut/count[0]_i_5_n_0
    SLICE_X42Y53         LUT4 (Prop_lut4_I2_O)        0.124     8.654 r  uut/count[0]_i_1/O
                         net (fo=27, routed)          0.901     9.555    uut/count[0]_i_1_n_0
    SLICE_X43Y54         FDRE                                         r  uut/count_reg[13]/R
  -------------------------------------------------------------------    -------------------

                         (clock sys_clk_pin rise edge)
                                                      8.000     8.000 r  
    K17                                               0.000     8.000 r  sysclk (IN)
                         net (fo=0)                   0.000     8.000    sysclk
    K17                  IBUF (Prop_ibuf_I_O)         1.421     9.421 r  sysclk_IBUF_inst/O
                         net (fo=1, routed)           1.880    11.301    sysclk_IBUF
    BUFGCTRL_X0Y16       BUFG (Prop_bufg_I_O)         0.091    11.392 r  sysclk_IBUF_BUFG_inst/O
                         net (fo=28, routed)          1.563    12.955    uut/sysclk
    SLICE_X43Y54         FDRE                                         r  uut/count_reg[13]/C
                         clock pessimism              0.429    13.384    
                         clock uncertainty           -0.035    13.348    
    SLICE_X43Y54         FDRE (Setup_fdre_C_R)       -0.429    12.919    uut/count_reg[13]
  -------------------------------------------------------------------
                         required time                         12.919    
                         arrival time                          -9.555    
  -------------------------------------------------------------------
                         slack                                  3.364    

Slack (MET) :             3.364ns  (required time - arrival time)
  Source:                 uut/count_reg[1]/C
                            (rising edge-triggered cell FDRE clocked by sys_clk_pin  {rise@0.000ns fall@4.000ns period=8.000ns})
  Destination:            uut/count_reg[14]/R
                            (rising edge-triggered cell FDRE clocked by sys_clk_pin  {rise@0.000ns fall@4.000ns period=8.000ns})
  Path Group:             sys_clk_pin
  Path Type:              Setup (Max at Slow Process Corner)
  Requirement:            8.000ns  (sys_clk_pin rise@8.000ns - sys_clk_pin rise@0.000ns)
  Data Path Delay:        4.145ns  (logic 0.828ns (19.974%)  route 3.317ns (80.026%))
  Logic Levels:           3  (LUT4=2 LUT5=1)
  Clock Path Skew:        -0.026ns (DCD - SCD + CPR)
    Destination Clock Delay (DCD):    4.955ns = ( 12.955 - 8.000 ) 
    Source Clock Delay      (SCD):    5.410ns
    Clock Pessimism Removal (CPR):    0.429ns
  Clock Uncertainty:      0.035ns  ((TSJ^2 + TIJ^2)^1/2 + DJ) / 2 + PE
    Total System Jitter     (TSJ):    0.071ns
    Total Input Jitter      (TIJ):    0.000ns
    Discrete Jitter          (DJ):    0.000ns
    Phase Error              (PE):    0.000ns

    Location             Delay type                Incr(ns)  Path(ns)    Netlist Resource(s)
  -------------------------------------------------------------------    -------------------
                         (clock sys_clk_pin rise edge)
                                                      0.000     0.000 r  
    K17                                               0.000     0.000 r  sysclk (IN)
                         net (fo=0)                   0.000     0.000    sysclk
    K17                  IBUF (Prop_ibuf_I_O)         1.492     1.492 r  sysclk_IBUF_inst/O
                         net (fo=1, routed)           2.076     3.568    sysclk_IBUF
    BUFGCTRL_X0Y16       BUFG (Prop_bufg_I_O)         0.101     3.669 r  sysclk_IBUF_BUFG_inst/O
                         net (fo=28, routed)          1.741     5.410    uut/sysclk
    SLICE_X43Y51         FDRE                                         r  uut/count_reg[1]/C
  -------------------------------------------------------------------    -------------------
    SLICE_X43Y51         FDRE (Prop_fdre_C_Q)         0.456     5.866 r  uut/count_reg[1]/Q
                         net (fo=2, routed)           1.129     6.995    uut/count_reg[1]
    SLICE_X42Y54         LUT4 (Prop_lut4_I2_O)        0.124     7.119 f  uut/count[0]_i_9/O
                         net (fo=1, routed)           0.669     7.789    uut/count[0]_i_9_n_0
    SLICE_X42Y54         LUT5 (Prop_lut5_I4_O)        0.124     7.913 f  uut/count[0]_i_5/O
                         net (fo=2, routed)           0.618     8.530    uut/count[0]_i_5_n_0
    SLICE_X42Y53         LUT4 (Prop_lut4_I2_O)        0.124     8.654 r  uut/count[0]_i_1/O
                         net (fo=27, routed)          0.901     9.555    uut/count[0]_i_1_n_0
    SLICE_X43Y54         FDRE                                         r  uut/count_reg[14]/R
  -------------------------------------------------------------------    -------------------

                         (clock sys_clk_pin rise edge)
                                                      8.000     8.000 r  
    K17                                               0.000     8.000 r  sysclk (IN)
                         net (fo=0)                   0.000     8.000    sysclk
    K17                  IBUF (Prop_ibuf_I_O)         1.421     9.421 r  sysclk_IBUF_inst/O
                         net (fo=1, routed)           1.880    11.301    sysclk_IBUF
    BUFGCTRL_X0Y16       BUFG (Prop_bufg_I_O)         0.091    11.392 r  sysclk_IBUF_BUFG_inst/O
                         net (fo=28, routed)          1.563    12.955    uut/sysclk
    SLICE_X43Y54         FDRE                                         r  uut/count_reg[14]/C
                         clock pessimism              0.429    13.384    
                         clock uncertainty           -0.035    13.348    
    SLICE_X43Y54         FDRE (Setup_fdre_C_R)       -0.429    12.919    uut/count_reg[14]
  -------------------------------------------------------------------
                         required time                         12.919    
                         arrival time                          -9.555    
  -------------------------------------------------------------------
                         slack                                  3.364    

Slack (MET) :             3.364ns  (required time - arrival time)
  Source:                 uut/count_reg[1]/C
                            (rising edge-triggered cell FDRE clocked by sys_clk_pin  {rise@0.000ns fall@4.000ns period=8.000ns})
  Destination:            uut/count_reg[15]/R
                            (rising edge-triggered cell FDRE clocked by sys_clk_pin  {rise@0.000ns fall@4.000ns period=8.000ns})
  Path Group:             sys_clk_pin
  Path Type:              Setup (Max at Slow Process Corner)
  Requirement:            8.000ns  (sys_clk_pin rise@8.000ns - sys_clk_pin rise@0.000ns)
  Data Path Delay:        4.145ns  (logic 0.828ns (19.974%)  route 3.317ns (80.026%))
  Logic Levels:           3  (LUT4=2 LUT5=1)
  Clock Path Skew:        -0.026ns (DCD - SCD + CPR)
    Destination Clock Delay (DCD):    4.955ns = ( 12.955 - 8.000 ) 
    Source Clock Delay      (SCD):    5.410ns
    Clock Pessimism Removal (CPR):    0.429ns
  Clock Uncertainty:      0.035ns  ((TSJ^2 + TIJ^2)^1/2 + DJ) / 2 + PE
    Total System Jitter     (TSJ):    0.071ns
    Total Input Jitter      (TIJ):    0.000ns
    Discrete Jitter          (DJ):    0.000ns
    Phase Error              (PE):    0.000ns

    Location             Delay type                Incr(ns)  Path(ns)    Netlist Resource(s)
  -------------------------------------------------------------------    -------------------
                         (clock sys_clk_pin rise edge)
                                                      0.000     0.000 r  
    K17                                               0.000     0.000 r  sysclk (IN)
                         net (fo=0)                   0.000     0.000    sysclk
    K17                  IBUF (Prop_ibuf_I_O)         1.492     1.492 r  sysclk_IBUF_inst/O
                         net (fo=1, routed)           2.076     3.568    sysclk_IBUF
    BUFGCTRL_X0Y16       BUFG (Prop_bufg_I_O)         0.101     3.669 r  sysclk_IBUF_BUFG_inst/O
                         net (fo=28, routed)          1.741     5.410    uut/sysclk
    SLICE_X43Y51         FDRE                                         r  uut/count_reg[1]/C
  -------------------------------------------------------------------    -------------------
    SLICE_X43Y51         FDRE (Prop_fdre_C_Q)         0.456     5.866 r  uut/count_reg[1]/Q
                         net (fo=2, routed)           1.129     6.995    uut/count_reg[1]
    SLICE_X42Y54         LUT4 (Prop_lut4_I2_O)        0.124     7.119 f  uut/count[0]_i_9/O
                         net (fo=1, routed)           0.669     7.789    uut/count[0]_i_9_n_0
    SLICE_X42Y54         LUT5 (Prop_lut5_I4_O)        0.124     7.913 f  uut/count[0]_i_5/O
                         net (fo=2, routed)           0.618     8.530    uut/count[0]_i_5_n_0
    SLICE_X42Y53         LUT4 (Prop_lut4_I2_O)        0.124     8.654 r  uut/count[0]_i_1/O
                         net (fo=27, routed)          0.901     9.555    uut/count[0]_i_1_n_0
    SLICE_X43Y54         FDRE                                         r  uut/count_reg[15]/R
  -------------------------------------------------------------------    -------------------

                         (clock sys_clk_pin rise edge)
                                                      8.000     8.000 r  
    K17                                               0.000     8.000 r  sysclk (IN)
                         net (fo=0)                   0.000     8.000    sysclk
    K17                  IBUF (Prop_ibuf_I_O)         1.421     9.421 r  sysclk_IBUF_inst/O
                         net (fo=1, routed)           1.880    11.301    sysclk_IBUF
    BUFGCTRL_X0Y16       BUFG (Prop_bufg_I_O)         0.091    11.392 r  sysclk_IBUF_BUFG_inst/O
                         net (fo=28, routed)          1.563    12.955    uut/sysclk
    SLICE_X43Y54         FDRE                                         r  uut/count_reg[15]/C
                         clock pessimism              0.429    13.384    
                         clock uncertainty           -0.035    13.348    
    SLICE_X43Y54         FDRE (Setup_fdre_C_R)       -0.429    12.919    uut/count_reg[15]
  -------------------------------------------------------------------
                         required time                         12.919    
                         arrival time                          -9.555    
  -------------------------------------------------------------------
                         slack                                  3.364    

Slack (MET) :             3.397ns  (required time - arrival time)
  Source:                 uut/count_reg[1]/C
                            (rising edge-triggered cell FDRE clocked by sys_clk_pin  {rise@0.000ns fall@4.000ns period=8.000ns})
  Destination:            uut/count_reg[0]/R
                            (rising edge-triggered cell FDRE clocked by sys_clk_pin  {rise@0.000ns fall@4.000ns period=8.000ns})
  Path Group:             sys_clk_pin
  Path Type:              Setup (Max at Slow Process Corner)
  Requirement:            8.000ns  (sys_clk_pin rise@8.000ns - sys_clk_pin rise@0.000ns)
  Data Path Delay:        4.139ns  (logic 0.828ns (20.007%)  route 3.311ns (79.993%))
  Logic Levels:           3  (LUT4=2 LUT5=1)
  Clock Path Skew:        0.000ns (DCD - SCD + CPR)
    Destination Clock Delay (DCD):    4.956ns = ( 12.956 - 8.000 ) 
    Source Clock Delay      (SCD):    5.410ns
    Clock Pessimism Removal (CPR):    0.454ns
  Clock Uncertainty:      0.035ns  ((TSJ^2 + TIJ^2)^1/2 + DJ) / 2 + PE
    Total System Jitter     (TSJ):    0.071ns
    Total Input Jitter      (TIJ):    0.000ns
    Discrete Jitter          (DJ):    0.000ns
    Phase Error              (PE):    0.000ns

    Location             Delay type                Incr(ns)  Path(ns)    Netlist Resource(s)
  -------------------------------------------------------------------    -------------------
                         (clock sys_clk_pin rise edge)
                                                      0.000     0.000 r  
    K17                                               0.000     0.000 r  sysclk (IN)
                         net (fo=0)                   0.000     0.000    sysclk
    K17                  IBUF (Prop_ibuf_I_O)         1.492     1.492 r  sysclk_IBUF_inst/O
                         net (fo=1, routed)           2.076     3.568    sysclk_IBUF
    BUFGCTRL_X0Y16       BUFG (Prop_bufg_I_O)         0.101     3.669 r  sysclk_IBUF_BUFG_inst/O
                         net (fo=28, routed)          1.741     5.410    uut/sysclk
    SLICE_X43Y51         FDRE                                         r  uut/count_reg[1]/C
  -------------------------------------------------------------------    -------------------
    SLICE_X43Y51         FDRE (Prop_fdre_C_Q)         0.456     5.866 r  uut/count_reg[1]/Q
                         net (fo=2, routed)           1.129     6.995    uut/count_reg[1]
    SLICE_X42Y54         LUT4 (Prop_lut4_I2_O)        0.124     7.119 f  uut/count[0]_i_9/O
                         net (fo=1, routed)           0.669     7.789    uut/count[0]_i_9_n_0
    SLICE_X42Y54         LUT5 (Prop_lut5_I4_O)        0.124     7.913 f  uut/count[0]_i_5/O
                         net (fo=2, routed)           0.618     8.530    uut/count[0]_i_5_n_0
    SLICE_X42Y53         LUT4 (Prop_lut4_I2_O)        0.124     8.654 r  uut/count[0]_i_1/O
                         net (fo=27, routed)          0.894     9.548    uut/count[0]_i_1_n_0
    SLICE_X43Y51         FDRE                                         r  uut/count_reg[0]/R
  -------------------------------------------------------------------    -------------------

                         (clock sys_clk_pin rise edge)
                                                      8.000     8.000 r  
    K17                                               0.000     8.000 r  sysclk (IN)
                         net (fo=0)                   0.000     8.000    sysclk
    K17                  IBUF (Prop_ibuf_I_O)         1.421     9.421 r  sysclk_IBUF_inst/O
                         net (fo=1, routed)           1.880    11.301    sysclk_IBUF
    BUFGCTRL_X0Y16       BUFG (Prop_bufg_I_O)         0.091    11.392 r  sysclk_IBUF_BUFG_inst/O
                         net (fo=28, routed)          1.564    12.956    uut/sysclk
    SLICE_X43Y51         FDRE                                         r  uut/count_reg[0]/C
                         clock pessimism              0.454    13.410    
                         clock uncertainty           -0.035    13.374    
    SLICE_X43Y51         FDRE (Setup_fdre_C_R)       -0.429    12.945    uut/count_reg[0]
  -------------------------------------------------------------------
                         required time                         12.945    
                         arrival time                          -9.548    
  -------------------------------------------------------------------
                         slack                                  3.397    

Slack (MET) :             3.397ns  (required time - arrival time)
  Source:                 uut/count_reg[1]/C
                            (rising edge-triggered cell FDRE clocked by sys_clk_pin  {rise@0.000ns fall@4.000ns period=8.000ns})
  Destination:            uut/count_reg[1]/R
                            (rising edge-triggered cell FDRE clocked by sys_clk_pin  {rise@0.000ns fall@4.000ns period=8.000ns})
  Path Group:             sys_clk_pin
  Path Type:              Setup (Max at Slow Process Corner)
  Requirement:            8.000ns  (sys_clk_pin rise@8.000ns - sys_clk_pin rise@0.000ns)
  Data Path Delay:        4.139ns  (logic 0.828ns (20.007%)  route 3.311ns (79.993%))
  Logic Levels:           3  (LUT4=2 LUT5=1)
  Clock Path Skew:        0.000ns (DCD - SCD + CPR)
    Destination Clock Delay (DCD):    4.956ns = ( 12.956 - 8.000 ) 
    Source Clock Delay      (SCD):    5.410ns
    Clock Pessimism Removal (CPR):    0.454ns
  Clock Uncertainty:      0.035ns  ((TSJ^2 + TIJ^2)^1/2 + DJ) / 2 + PE
    Total System Jitter     (TSJ):    0.071ns
    Total Input Jitter      (TIJ):    0.000ns
    Discrete Jitter          (DJ):    0.000ns
    Phase Error              (PE):    0.000ns

    Location             Delay type                Incr(ns)  Path(ns)    Netlist Resource(s)
  -------------------------------------------------------------------    -------------------
                         (clock sys_clk_pin rise edge)
                                                      0.000     0.000 r  
    K17                                               0.000     0.000 r  sysclk (IN)
                         net (fo=0)                   0.000     0.000    sysclk
    K17                  IBUF (Prop_ibuf_I_O)         1.492     1.492 r  sysclk_IBUF_inst/O
                         net (fo=1, routed)           2.076     3.568    sysclk_IBUF
    BUFGCTRL_X0Y16       BUFG (Prop_bufg_I_O)         0.101     3.669 r  sysclk_IBUF_BUFG_inst/O
                         net (fo=28, routed)          1.741     5.410    uut/sysclk
    SLICE_X43Y51         FDRE                                         r  uut/count_reg[1]/C
  -------------------------------------------------------------------    -------------------
    SLICE_X43Y51         FDRE (Prop_fdre_C_Q)         0.456     5.866 r  uut/count_reg[1]/Q
                         net (fo=2, routed)           1.129     6.995    uut/count_reg[1]
    SLICE_X42Y54         LUT4 (Prop_lut4_I2_O)        0.124     7.119 f  uut/count[0]_i_9/O
                         net (fo=1, routed)           0.669     7.789    uut/count[0]_i_9_n_0
    SLICE_X42Y54         LUT5 (Prop_lut5_I4_O)        0.124     7.913 f  uut/count[0]_i_5/O
                         net (fo=2, routed)           0.618     8.530    uut/count[0]_i_5_n_0
    SLICE_X42Y53         LUT4 (Prop_lut4_I2_O)        0.124     8.654 r  uut/count[0]_i_1/O
                         net (fo=27, routed)          0.894     9.548    uut/count[0]_i_1_n_0
    SLICE_X43Y51         FDRE                                         r  uut/count_reg[1]/R
  -------------------------------------------------------------------    -------------------

                         (clock sys_clk_pin rise edge)
                                                      8.000     8.000 r  
    K17                                               0.000     8.000 r  sysclk (IN)
                         net (fo=0)                   0.000     8.000    sysclk
    K17                  IBUF (Prop_ibuf_I_O)         1.421     9.421 r  sysclk_IBUF_inst/O
                         net (fo=1, routed)           1.880    11.301    sysclk_IBUF
    BUFGCTRL_X0Y16       BUFG (Prop_bufg_I_O)         0.091    11.392 r  sysclk_IBUF_BUFG_inst/O
                         net (fo=28, routed)          1.564    12.956    uut/sysclk
    SLICE_X43Y51         FDRE                                         r  uut/count_reg[1]/C
                         clock pessimism              0.454    13.410    
                         clock uncertainty           -0.035    13.374    
    SLICE_X43Y51         FDRE (Setup_fdre_C_R)       -0.429    12.945    uut/count_reg[1]
  -------------------------------------------------------------------
                         required time                         12.945    
                         arrival time                          -9.548    
  -------------------------------------------------------------------
                         slack                                  3.397    

Slack (MET) :             3.397ns  (required time - arrival time)
  Source:                 uut/count_reg[1]/C
                            (rising edge-triggered cell FDRE clocked by sys_clk_pin  {rise@0.000ns fall@4.000ns period=8.000ns})
  Destination:            uut/count_reg[2]/R
                            (rising edge-triggered cell FDRE clocked by sys_clk_pin  {rise@0.000ns fall@4.000ns period=8.000ns})
  Path Group:             sys_clk_pin
  Path Type:              Setup (Max at Slow Process Corner)
  Requirement:            8.000ns  (sys_clk_pin rise@8.000ns - sys_clk_pin rise@0.000ns)
  Data Path Delay:        4.139ns  (logic 0.828ns (20.007%)  route 3.311ns (79.993%))
  Logic Levels:           3  (LUT4=2 LUT5=1)
  Clock Path Skew:        0.000ns (DCD - SCD + CPR)
    Destination Clock Delay (DCD):    4.956ns = ( 12.956 - 8.000 ) 
    Source Clock Delay      (SCD):    5.410ns
    Clock Pessimism Removal (CPR):    0.454ns
  Clock Uncertainty:      0.035ns  ((TSJ^2 + TIJ^2)^1/2 + DJ) / 2 + PE
    Total System Jitter     (TSJ):    0.071ns
    Total Input Jitter      (TIJ):    0.000ns
    Discrete Jitter          (DJ):    0.000ns
    Phase Error              (PE):    0.000ns

    Location             Delay type                Incr(ns)  Path(ns)    Netlist Resource(s)
  -------------------------------------------------------------------    -------------------
                         (clock sys_clk_pin rise edge)
                                                      0.000     0.000 r  
    K17                                               0.000     0.000 r  sysclk (IN)
                         net (fo=0)                   0.000     0.000    sysclk
    K17                  IBUF (Prop_ibuf_I_O)         1.492     1.492 r  sysclk_IBUF_inst/O
                         net (fo=1, routed)           2.076     3.568    sysclk_IBUF
    BUFGCTRL_X0Y16       BUFG (Prop_bufg_I_O)         0.101     3.669 r  sysclk_IBUF_BUFG_inst/O
                         net (fo=28, routed)          1.741     5.410    uut/sysclk
    SLICE_X43Y51         FDRE                                         r  uut/count_reg[1]/C
  -------------------------------------------------------------------    -------------------
    SLICE_X43Y51         FDRE (Prop_fdre_C_Q)         0.456     5.866 r  uut/count_reg[1]/Q
                         net (fo=2, routed)           1.129     6.995    uut/count_reg[1]
    SLICE_X42Y54         LUT4 (Prop_lut4_I2_O)        0.124     7.119 f  uut/count[0]_i_9/O
                         net (fo=1, routed)           0.669     7.789    uut/count[0]_i_9_n_0
    SLICE_X42Y54         LUT5 (Prop_lut5_I4_O)        0.124     7.913 f  uut/count[0]_i_5/O
                         net (fo=2, routed)           0.618     8.530    uut/count[0]_i_5_n_0
    SLICE_X42Y53         LUT4 (Prop_lut4_I2_O)        0.124     8.654 r  uut/count[0]_i_1/O
                         net (fo=27, routed)          0.894     9.548    uut/count[0]_i_1_n_0
    SLICE_X43Y51         FDRE                                         r  uut/count_reg[2]/R
  -------------------------------------------------------------------    -------------------

                         (clock sys_clk_pin rise edge)
                                                      8.000     8.000 r  
    K17                                               0.000     8.000 r  sysclk (IN)
                         net (fo=0)                   0.000     8.000    sysclk
    K17                  IBUF (Prop_ibuf_I_O)         1.421     9.421 r  sysclk_IBUF_inst/O
                         net (fo=1, routed)           1.880    11.301    sysclk_IBUF
    BUFGCTRL_X0Y16       BUFG (Prop_bufg_I_O)         0.091    11.392 r  sysclk_IBUF_BUFG_inst/O
                         net (fo=28, routed)          1.564    12.956    uut/sysclk
    SLICE_X43Y51         FDRE                                         r  uut/count_reg[2]/C
                         clock pessimism              0.454    13.410    
                         clock uncertainty           -0.035    13.374    
    SLICE_X43Y51         FDRE (Setup_fdre_C_R)       -0.429    12.945    uut/count_reg[2]
  -------------------------------------------------------------------
                         required time                         12.945    
                         arrival time                          -9.548    
  -------------------------------------------------------------------
                         slack                                  3.397    

Slack (MET) :             3.397ns  (required time - arrival time)
  Source:                 uut/count_reg[1]/C
                            (rising edge-triggered cell FDRE clocked by sys_clk_pin  {rise@0.000ns fall@4.000ns period=8.000ns})
  Destination:            uut/count_reg[3]/R
                            (rising edge-triggered cell FDRE clocked by sys_clk_pin  {rise@0.000ns fall@4.000ns period=8.000ns})
  Path Group:             sys_clk_pin
  Path Type:              Setup (Max at Slow Process Corner)
  Requirement:            8.000ns  (sys_clk_pin rise@8.000ns - sys_clk_pin rise@0.000ns)
  Data Path Delay:        4.139ns  (logic 0.828ns (20.007%)  route 3.311ns (79.993%))
  Logic Levels:           3  (LUT4=2 LUT5=1)
  Clock Path Skew:        0.000ns (DCD - SCD + CPR)
    Destination Clock Delay (DCD):    4.956ns = ( 12.956 - 8.000 ) 
    Source Clock Delay      (SCD):    5.410ns
    Clock Pessimism Removal (CPR):    0.454ns
  Clock Uncertainty:      0.035ns  ((TSJ^2 + TIJ^2)^1/2 + DJ) / 2 + PE
    Total System Jitter     (TSJ):    0.071ns
    Total Input Jitter      (TIJ):    0.000ns
    Discrete Jitter          (DJ):    0.000ns
    Phase Error              (PE):    0.000ns

    Location             Delay type                Incr(ns)  Path(ns)    Netlist Resource(s)
  -------------------------------------------------------------------    -------------------
                         (clock sys_clk_pin rise edge)
                                                      0.000     0.000 r  
    K17                                               0.000     0.000 r  sysclk (IN)
                         net (fo=0)                   0.000     0.000    sysclk
    K17                  IBUF (Prop_ibuf_I_O)         1.492     1.492 r  sysclk_IBUF_inst/O
                         net (fo=1, routed)           2.076     3.568    sysclk_IBUF
    BUFGCTRL_X0Y16       BUFG (Prop_bufg_I_O)         0.101     3.669 r  sysclk_IBUF_BUFG_inst/O
                         net (fo=28, routed)          1.741     5.410    uut/sysclk
    SLICE_X43Y51         FDRE                                         r  uut/count_reg[1]/C
  -------------------------------------------------------------------    -------------------
    SLICE_X43Y51         FDRE (Prop_fdre_C_Q)         0.456     5.866 r  uut/count_reg[1]/Q
                         net (fo=2, routed)           1.129     6.995    uut/count_reg[1]
    SLICE_X42Y54         LUT4 (Prop_lut4_I2_O)        0.124     7.119 f  uut/count[0]_i_9/O
                         net (fo=1, routed)           0.669     7.789    uut/count[0]_i_9_n_0
    SLICE_X42Y54         LUT5 (Prop_lut5_I4_O)        0.124     7.913 f  uut/count[0]_i_5/O
                         net (fo=2, routed)           0.618     8.530    uut/count[0]_i_5_n_0
    SLICE_X42Y53         LUT4 (Prop_lut4_I2_O)        0.124     8.654 r  uut/count[0]_i_1/O
                         net (fo=27, routed)          0.894     9.548    uut/count[0]_i_1_n_0
    SLICE_X43Y51         FDRE                                         r  uut/count_reg[3]/R
  -------------------------------------------------------------------    -------------------

                         (clock sys_clk_pin rise edge)
                                                      8.000     8.000 r  
    K17                                               0.000     8.000 r  sysclk (IN)
                         net (fo=0)                   0.000     8.000    sysclk
    K17                  IBUF (Prop_ibuf_I_O)         1.421     9.421 r  sysclk_IBUF_inst/O
                         net (fo=1, routed)           1.880    11.301    sysclk_IBUF
    BUFGCTRL_X0Y16       BUFG (Prop_bufg_I_O)         0.091    11.392 r  sysclk_IBUF_BUFG_inst/O
                         net (fo=28, routed)          1.564    12.956    uut/sysclk
    SLICE_X43Y51         FDRE                                         r  uut/count_reg[3]/C
                         clock pessimism              0.454    13.410    
                         clock uncertainty           -0.035    13.374    
    SLICE_X43Y51         FDRE (Setup_fdre_C_R)       -0.429    12.945    uut/count_reg[3]
  -------------------------------------------------------------------
                         required time                         12.945    
                         arrival time                          -9.548    
  -------------------------------------------------------------------
                         slack                                  3.397    

Slack (MET) :             3.477ns  (required time - arrival time)
  Source:                 uut/count_reg[1]/C
                            (rising edge-triggered cell FDRE clocked by sys_clk_pin  {rise@0.000ns fall@4.000ns period=8.000ns})
  Destination:            uut/count_reg[24]/R
                            (rising edge-triggered cell FDRE clocked by sys_clk_pin  {rise@0.000ns fall@4.000ns period=8.000ns})
  Path Group:             sys_clk_pin
  Path Type:              Setup (Max at Slow Process Corner)
  Requirement:            8.000ns  (sys_clk_pin rise@8.000ns - sys_clk_pin rise@0.000ns)
  Data Path Delay:        4.032ns  (logic 0.828ns (20.536%)  route 3.204ns (79.464%))
  Logic Levels:           3  (LUT4=2 LUT5=1)
  Clock Path Skew:        -0.027ns (DCD - SCD + CPR)
    Destination Clock Delay (DCD):    4.954ns = ( 12.954 - 8.000 ) 
    Source Clock Delay      (SCD):    5.410ns
    Clock Pessimism Removal (CPR):    0.429ns
  Clock Uncertainty:      0.035ns  ((TSJ^2 + TIJ^2)^1/2 + DJ) / 2 + PE
    Total System Jitter     (TSJ):    0.071ns
    Total Input Jitter      (TIJ):    0.000ns
    Discrete Jitter          (DJ):    0.000ns
    Phase Error              (PE):    0.000ns

    Location             Delay type                Incr(ns)  Path(ns)    Netlist Resource(s)
  -------------------------------------------------------------------    -------------------
                         (clock sys_clk_pin rise edge)
                                                      0.000     0.000 r  
    K17                                               0.000     0.000 r  sysclk (IN)
                         net (fo=0)                   0.000     0.000    sysclk
    K17                  IBUF (Prop_ibuf_I_O)         1.492     1.492 r  sysclk_IBUF_inst/O
                         net (fo=1, routed)           2.076     3.568    sysclk_IBUF
    BUFGCTRL_X0Y16       BUFG (Prop_bufg_I_O)         0.101     3.669 r  sysclk_IBUF_BUFG_inst/O
                         net (fo=28, routed)          1.741     5.410    uut/sysclk
    SLICE_X43Y51         FDRE                                         r  uut/count_reg[1]/C
  -------------------------------------------------------------------    -------------------
    SLICE_X43Y51         FDRE (Prop_fdre_C_Q)         0.456     5.866 r  uut/count_reg[1]/Q
                         net (fo=2, routed)           1.129     6.995    uut/count_reg[1]
    SLICE_X42Y54         LUT4 (Prop_lut4_I2_O)        0.124     7.119 f  uut/count[0]_i_9/O
                         net (fo=1, routed)           0.669     7.789    uut/count[0]_i_9_n_0
    SLICE_X42Y54         LUT5 (Prop_lut5_I4_O)        0.124     7.913 f  uut/count[0]_i_5/O
                         net (fo=2, routed)           0.618     8.530    uut/count[0]_i_5_n_0
    SLICE_X42Y53         LUT4 (Prop_lut4_I2_O)        0.124     8.654 r  uut/count[0]_i_1/O
                         net (fo=27, routed)          0.788     9.442    uut/count[0]_i_1_n_0
    SLICE_X43Y57         FDRE                                         r  uut/count_reg[24]/R
  -------------------------------------------------------------------    -------------------

                         (clock sys_clk_pin rise edge)
                                                      8.000     8.000 r  
    K17                                               0.000     8.000 r  sysclk (IN)
                         net (fo=0)                   0.000     8.000    sysclk
    K17                  IBUF (Prop_ibuf_I_O)         1.421     9.421 r  sysclk_IBUF_inst/O
                         net (fo=1, routed)           1.880    11.301    sysclk_IBUF
    BUFGCTRL_X0Y16       BUFG (Prop_bufg_I_O)         0.091    11.392 r  sysclk_IBUF_BUFG_inst/O
                         net (fo=28, routed)          1.562    12.954    uut/sysclk
    SLICE_X43Y57         FDRE                                         r  uut/count_reg[24]/C
                         clock pessimism              0.429    13.383    
                         clock uncertainty           -0.035    13.347    
    SLICE_X43Y57         FDRE (Setup_fdre_C_R)       -0.429    12.918    uut/count_reg[24]
  -------------------------------------------------------------------
                         required time                         12.918    
                         arrival time                          -9.442    
  -------------------------------------------------------------------
                         slack                                  3.477    

Slack (MET) :             3.477ns  (required time - arrival time)
  Source:                 uut/count_reg[1]/C
                            (rising edge-triggered cell FDRE clocked by sys_clk_pin  {rise@0.000ns fall@4.000ns period=8.000ns})
  Destination:            uut/count_reg[25]/R
                            (rising edge-triggered cell FDRE clocked by sys_clk_pin  {rise@0.000ns fall@4.000ns period=8.000ns})
  Path Group:             sys_clk_pin
  Path Type:              Setup (Max at Slow Process Corner)
  Requirement:            8.000ns  (sys_clk_pin rise@8.000ns - sys_clk_pin rise@0.000ns)
  Data Path Delay:        4.032ns  (logic 0.828ns (20.536%)  route 3.204ns (79.464%))
  Logic Levels:           3  (LUT4=2 LUT5=1)
  Clock Path Skew:        -0.027ns (DCD - SCD + CPR)
    Destination Clock Delay (DCD):    4.954ns = ( 12.954 - 8.000 ) 
    Source Clock Delay      (SCD):    5.410ns
    Clock Pessimism Removal (CPR):    0.429ns
  Clock Uncertainty:      0.035ns  ((TSJ^2 + TIJ^2)^1/2 + DJ) / 2 + PE
    Total System Jitter     (TSJ):    0.071ns
    Total Input Jitter      (TIJ):    0.000ns
    Discrete Jitter          (DJ):    0.000ns
    Phase Error              (PE):    0.000ns

    Location             Delay type                Incr(ns)  Path(ns)    Netlist Resource(s)
  -------------------------------------------------------------------    -------------------
                         (clock sys_clk_pin rise edge)
                                                      0.000     0.000 r  
    K17                                               0.000     0.000 r  sysclk (IN)
                         net (fo=0)                   0.000     0.000    sysclk
    K17                  IBUF (Prop_ibuf_I_O)         1.492     1.492 r  sysclk_IBUF_inst/O
                         net (fo=1, routed)           2.076     3.568    sysclk_IBUF
    BUFGCTRL_X0Y16       BUFG (Prop_bufg_I_O)         0.101     3.669 r  sysclk_IBUF_BUFG_inst/O
                         net (fo=28, routed)          1.741     5.410    uut/sysclk
    SLICE_X43Y51         FDRE                                         r  uut/count_reg[1]/C
  -------------------------------------------------------------------    -------------------
    SLICE_X43Y51         FDRE (Prop_fdre_C_Q)         0.456     5.866 r  uut/count_reg[1]/Q
                         net (fo=2, routed)           1.129     6.995    uut/count_reg[1]
    SLICE_X42Y54         LUT4 (Prop_lut4_I2_O)        0.124     7.119 f  uut/count[0]_i_9/O
                         net (fo=1, routed)           0.669     7.789    uut/count[0]_i_9_n_0
    SLICE_X42Y54         LUT5 (Prop_lut5_I4_O)        0.124     7.913 f  uut/count[0]_i_5/O
                         net (fo=2, routed)           0.618     8.530    uut/count[0]_i_5_n_0
    SLICE_X42Y53         LUT4 (Prop_lut4_I2_O)        0.124     8.654 r  uut/count[0]_i_1/O
                         net (fo=27, routed)          0.788     9.442    uut/count[0]_i_1_n_0
    SLICE_X43Y57         FDRE                                         r  uut/count_reg[25]/R
  -------------------------------------------------------------------    -------------------

                         (clock sys_clk_pin rise edge)
                                                      8.000     8.000 r  
    K17                                               0.000     8.000 r  sysclk (IN)
                         net (fo=0)                   0.000     8.000    sysclk
    K17                  IBUF (Prop_ibuf_I_O)         1.421     9.421 r  sysclk_IBUF_inst/O
                         net (fo=1, routed)           1.880    11.301    sysclk_IBUF
    BUFGCTRL_X0Y16       BUFG (Prop_bufg_I_O)         0.091    11.392 r  sysclk_IBUF_BUFG_inst/O
                         net (fo=28, routed)          1.562    12.954    uut/sysclk
    SLICE_X43Y57         FDRE                                         r  uut/count_reg[25]/C
                         clock pessimism              0.429    13.383    
                         clock uncertainty           -0.035    13.347    
    SLICE_X43Y57         FDRE (Setup_fdre_C_R)       -0.429    12.918    uut/count_reg[25]
  -------------------------------------------------------------------
                         required time                         12.918    
                         arrival time                          -9.442    
  -------------------------------------------------------------------
                         slack                                  3.477    





Min Delay Paths
--------------------------------------------------------------------------------------
Slack (MET) :             0.261ns  (arrival time - required time)
  Source:                 uut/count_reg[19]/C
                            (rising edge-triggered cell FDRE clocked by sys_clk_pin  {rise@0.000ns fall@4.000ns period=8.000ns})
  Destination:            uut/count_reg[19]/D
                            (rising edge-triggered cell FDRE clocked by sys_clk_pin  {rise@0.000ns fall@4.000ns period=8.000ns})
  Path Group:             sys_clk_pin
  Path Type:              Hold (Min at Fast Process Corner)
  Requirement:            0.000ns  (sys_clk_pin rise@0.000ns - sys_clk_pin rise@0.000ns)
  Data Path Delay:        0.366ns  (logic 0.249ns (67.994%)  route 0.117ns (32.006%))
  Logic Levels:           1  (CARRY4=1)
  Clock Path Skew:        0.000ns (DCD - SCD - CPR)
    Destination Clock Delay (DCD):    2.017ns
    Source Clock Delay      (SCD):    1.500ns
    Clock Pessimism Removal (CPR):    0.517ns

    Location             Delay type                Incr(ns)  Path(ns)    Netlist Resource(s)
  -------------------------------------------------------------------    -------------------
                         (clock sys_clk_pin rise edge)
                                                      0.000     0.000 r  
    K17                                               0.000     0.000 r  sysclk (IN)
                         net (fo=0)                   0.000     0.000    sysclk
    K17                  IBUF (Prop_ibuf_I_O)         0.259     0.259 r  sysclk_IBUF_inst/O
                         net (fo=1, routed)           0.627     0.887    sysclk_IBUF
    BUFGCTRL_X0Y16       BUFG (Prop_bufg_I_O)         0.026     0.913 r  sysclk_IBUF_BUFG_inst/O
                         net (fo=28, routed)          0.588     1.500    uut/sysclk
    SLICE_X43Y55         FDRE                                         r  uut/count_reg[19]/C
  -------------------------------------------------------------------    -------------------
    SLICE_X43Y55         FDRE (Prop_fdre_C_Q)         0.141     1.641 r  uut/count_reg[19]/Q
                         net (fo=2, routed)           0.117     1.759    uut/count_reg[19]
    SLICE_X43Y55         CARRY4 (Prop_carry4_S[3]_O[3])
                                                      0.108     1.867 r  uut/count_reg[16]_i_1/O[3]
                         net (fo=1, routed)           0.000     1.867    uut/count_reg[16]_i_1_n_4
    SLICE_X43Y55         FDRE                                         r  uut/count_reg[19]/D
  -------------------------------------------------------------------    -------------------

                         (clock sys_clk_pin rise edge)
                                                      0.000     0.000 r  
    K17                                               0.000     0.000 r  sysclk (IN)
                         net (fo=0)                   0.000     0.000    sysclk
    K17                  IBUF (Prop_ibuf_I_O)         0.447     0.447 r  sysclk_IBUF_inst/O
                         net (fo=1, routed)           0.683     1.130    sysclk_IBUF
    BUFGCTRL_X0Y16       BUFG (Prop_bufg_I_O)         0.029     1.159 r  sysclk_IBUF_BUFG_inst/O
                         net (fo=28, routed)          0.858     2.017    uut/sysclk
    SLICE_X43Y55         FDRE                                         r  uut/count_reg[19]/C
                         clock pessimism             -0.517     1.500    
    SLICE_X43Y55         FDRE (Hold_fdre_C_D)         0.105     1.605    uut/count_reg[19]
  -------------------------------------------------------------------
                         required time                         -1.605    
                         arrival time                           1.867    
  -------------------------------------------------------------------
                         slack                                  0.261    

Slack (MET) :             0.263ns  (arrival time - required time)
  Source:                 uut/count_reg[15]/C
                            (rising edge-triggered cell FDRE clocked by sys_clk_pin  {rise@0.000ns fall@4.000ns period=8.000ns})
  Destination:            uut/count_reg[15]/D
                            (rising edge-triggered cell FDRE clocked by sys_clk_pin  {rise@0.000ns fall@4.000ns period=8.000ns})
  Path Group:             sys_clk_pin
  Path Type:              Hold (Min at Fast Process Corner)
  Requirement:            0.000ns  (sys_clk_pin rise@0.000ns - sys_clk_pin rise@0.000ns)
  Data Path Delay:        0.368ns  (logic 0.249ns (67.612%)  route 0.119ns (32.388%))
  Logic Levels:           1  (CARRY4=1)
  Clock Path Skew:        0.000ns (DCD - SCD - CPR)
    Destination Clock Delay (DCD):    2.017ns
    Source Clock Delay      (SCD):    1.500ns
    Clock Pessimism Removal (CPR):    0.517ns

    Location             Delay type                Incr(ns)  Path(ns)    Netlist Resource(s)
  -------------------------------------------------------------------    -------------------
                         (clock sys_clk_pin rise edge)
                                                      0.000     0.000 r  
    K17                                               0.000     0.000 r  sysclk (IN)
                         net (fo=0)                   0.000     0.000    sysclk
    K17                  IBUF (Prop_ibuf_I_O)         0.259     0.259 r  sysclk_IBUF_inst/O
                         net (fo=1, routed)           0.627     0.887    sysclk_IBUF
    BUFGCTRL_X0Y16       BUFG (Prop_bufg_I_O)         0.026     0.913 r  sysclk_IBUF_BUFG_inst/O
                         net (fo=28, routed)          0.588     1.500    uut/sysclk
    SLICE_X43Y54         FDRE                                         r  uut/count_reg[15]/C
  -------------------------------------------------------------------    -------------------
    SLICE_X43Y54         FDRE (Prop_fdre_C_Q)         0.141     1.641 r  uut/count_reg[15]/Q
                         net (fo=2, routed)           0.119     1.761    uut/count_reg[15]
    SLICE_X43Y54         CARRY4 (Prop_carry4_S[3]_O[3])
                                                      0.108     1.869 r  uut/count_reg[12]_i_1/O[3]
                         net (fo=1, routed)           0.000     1.869    uut/count_reg[12]_i_1_n_4
    SLICE_X43Y54         FDRE                                         r  uut/count_reg[15]/D
  -------------------------------------------------------------------    -------------------

                         (clock sys_clk_pin rise edge)
                                                      0.000     0.000 r  
    K17                                               0.000     0.000 r  sysclk (IN)
                         net (fo=0)                   0.000     0.000    sysclk
    K17                  IBUF (Prop_ibuf_I_O)         0.447     0.447 r  sysclk_IBUF_inst/O
                         net (fo=1, routed)           0.683     1.130    sysclk_IBUF
    BUFGCTRL_X0Y16       BUFG (Prop_bufg_I_O)         0.029     1.159 r  sysclk_IBUF_BUFG_inst/O
                         net (fo=28, routed)          0.858     2.017    uut/sysclk
    SLICE_X43Y54         FDRE                                         r  uut/count_reg[15]/C
                         clock pessimism             -0.517     1.500    
    SLICE_X43Y54         FDRE (Hold_fdre_C_D)         0.105     1.605    uut/count_reg[15]
  -------------------------------------------------------------------
                         required time                         -1.605    
                         arrival time                           1.869    
  -------------------------------------------------------------------
                         slack                                  0.263    

Slack (MET) :             0.263ns  (arrival time - required time)
  Source:                 uut/count_reg[7]/C
                            (rising edge-triggered cell FDRE clocked by sys_clk_pin  {rise@0.000ns fall@4.000ns period=8.000ns})
  Destination:            uut/count_reg[7]/D
                            (rising edge-triggered cell FDRE clocked by sys_clk_pin  {rise@0.000ns fall@4.000ns period=8.000ns})
  Path Group:             sys_clk_pin
  Path Type:              Hold (Min at Fast Process Corner)
  Requirement:            0.000ns  (sys_clk_pin rise@0.000ns - sys_clk_pin rise@0.000ns)
  Data Path Delay:        0.368ns  (logic 0.249ns (67.612%)  route 0.119ns (32.388%))
  Logic Levels:           1  (CARRY4=1)
  Clock Path Skew:        0.000ns (DCD - SCD - CPR)
    Destination Clock Delay (DCD):    2.018ns
    Source Clock Delay      (SCD):    1.501ns
    Clock Pessimism Removal (CPR):    0.517ns

    Location             Delay type                Incr(ns)  Path(ns)    Netlist Resource(s)
  -------------------------------------------------------------------    -------------------
                         (clock sys_clk_pin rise edge)
                                                      0.000     0.000 r  
    K17                                               0.000     0.000 r  sysclk (IN)
                         net (fo=0)                   0.000     0.000    sysclk
    K17                  IBUF (Prop_ibuf_I_O)         0.259     0.259 r  sysclk_IBUF_inst/O
                         net (fo=1, routed)           0.627     0.887    sysclk_IBUF
    BUFGCTRL_X0Y16       BUFG (Prop_bufg_I_O)         0.026     0.913 r  sysclk_IBUF_BUFG_inst/O
                         net (fo=28, routed)          0.589     1.501    uut/sysclk
    SLICE_X43Y52         FDRE                                         r  uut/count_reg[7]/C
  -------------------------------------------------------------------    -------------------
    SLICE_X43Y52         FDRE (Prop_fdre_C_Q)         0.141     1.642 r  uut/count_reg[7]/Q
                         net (fo=2, routed)           0.119     1.762    uut/count_reg[7]
    SLICE_X43Y52         CARRY4 (Prop_carry4_S[3]_O[3])
                                                      0.108     1.870 r  uut/count_reg[4]_i_1/O[3]
                         net (fo=1, routed)           0.000     1.870    uut/count_reg[4]_i_1_n_4
    SLICE_X43Y52         FDRE                                         r  uut/count_reg[7]/D
  -------------------------------------------------------------------    -------------------

                         (clock sys_clk_pin rise edge)
                                                      0.000     0.000 r  
    K17                                               0.000     0.000 r  sysclk (IN)
                         net (fo=0)                   0.000     0.000    sysclk
    K17                  IBUF (Prop_ibuf_I_O)         0.447     0.447 r  sysclk_IBUF_inst/O
                         net (fo=1, routed)           0.683     1.130    sysclk_IBUF
    BUFGCTRL_X0Y16       BUFG (Prop_bufg_I_O)         0.029     1.159 r  sysclk_IBUF_BUFG_inst/O
                         net (fo=28, routed)          0.859     2.018    uut/sysclk
    SLICE_X43Y52         FDRE                                         r  uut/count_reg[7]/C
                         clock pessimism             -0.517     1.501    
    SLICE_X43Y52         FDRE (Hold_fdre_C_D)         0.105     1.606    uut/count_reg[7]
  -------------------------------------------------------------------
                         required time                         -1.606    
                         arrival time                           1.870    
  -------------------------------------------------------------------
                         slack                                  0.263    

Slack (MET) :             0.264ns  (arrival time - required time)
  Source:                 uut/count_reg[23]/C
                            (rising edge-triggered cell FDRE clocked by sys_clk_pin  {rise@0.000ns fall@4.000ns period=8.000ns})
  Destination:            uut/count_reg[23]/D
                            (rising edge-triggered cell FDRE clocked by sys_clk_pin  {rise@0.000ns fall@4.000ns period=8.000ns})
  Path Group:             sys_clk_pin
  Path Type:              Hold (Min at Fast Process Corner)
  Requirement:            0.000ns  (sys_clk_pin rise@0.000ns - sys_clk_pin rise@0.000ns)
  Data Path Delay:        0.369ns  (logic 0.249ns (67.424%)  route 0.120ns (32.576%))
  Logic Levels:           1  (CARRY4=1)
  Clock Path Skew:        0.000ns (DCD - SCD - CPR)
    Destination Clock Delay (DCD):    2.017ns
    Source Clock Delay      (SCD):    1.500ns
    Clock Pessimism Removal (CPR):    0.517ns

    Location             Delay type                Incr(ns)  Path(ns)    Netlist Resource(s)
  -------------------------------------------------------------------    -------------------
                         (clock sys_clk_pin rise edge)
                                                      0.000     0.000 r  
    K17                                               0.000     0.000 r  sysclk (IN)
                         net (fo=0)                   0.000     0.000    sysclk
    K17                  IBUF (Prop_ibuf_I_O)         0.259     0.259 r  sysclk_IBUF_inst/O
                         net (fo=1, routed)           0.627     0.887    sysclk_IBUF
    BUFGCTRL_X0Y16       BUFG (Prop_bufg_I_O)         0.026     0.913 r  sysclk_IBUF_BUFG_inst/O
                         net (fo=28, routed)          0.588     1.500    uut/sysclk
    SLICE_X43Y56         FDRE                                         r  uut/count_reg[23]/C
  -------------------------------------------------------------------    -------------------
    SLICE_X43Y56         FDRE (Prop_fdre_C_Q)         0.141     1.641 r  uut/count_reg[23]/Q
                         net (fo=2, routed)           0.120     1.762    uut/count_reg[23]
    SLICE_X43Y56         CARRY4 (Prop_carry4_S[3]_O[3])
                                                      0.108     1.870 r  uut/count_reg[20]_i_1/O[3]
                         net (fo=1, routed)           0.000     1.870    uut/count_reg[20]_i_1_n_4
    SLICE_X43Y56         FDRE                                         r  uut/count_reg[23]/D
  -------------------------------------------------------------------    -------------------

                         (clock sys_clk_pin rise edge)
                                                      0.000     0.000 r  
    K17                                               0.000     0.000 r  sysclk (IN)
                         net (fo=0)                   0.000     0.000    sysclk
    K17                  IBUF (Prop_ibuf_I_O)         0.447     0.447 r  sysclk_IBUF_inst/O
                         net (fo=1, routed)           0.683     1.130    sysclk_IBUF
    BUFGCTRL_X0Y16       BUFG (Prop_bufg_I_O)         0.029     1.159 r  sysclk_IBUF_BUFG_inst/O
                         net (fo=28, routed)          0.858     2.017    uut/sysclk
    SLICE_X43Y56         FDRE                                         r  uut/count_reg[23]/C
                         clock pessimism             -0.517     1.500    
    SLICE_X43Y56         FDRE (Hold_fdre_C_D)         0.105     1.605    uut/count_reg[23]
  -------------------------------------------------------------------
                         required time                         -1.605    
                         arrival time                           1.870    
  -------------------------------------------------------------------
                         slack                                  0.264    

Slack (MET) :             0.264ns  (arrival time - required time)
  Source:                 uut/count_reg[3]/C
                            (rising edge-triggered cell FDRE clocked by sys_clk_pin  {rise@0.000ns fall@4.000ns period=8.000ns})
  Destination:            uut/count_reg[3]/D
                            (rising edge-triggered cell FDRE clocked by sys_clk_pin  {rise@0.000ns fall@4.000ns period=8.000ns})
  Path Group:             sys_clk_pin
  Path Type:              Hold (Min at Fast Process Corner)
  Requirement:            0.000ns  (sys_clk_pin rise@0.000ns - sys_clk_pin rise@0.000ns)
  Data Path Delay:        0.369ns  (logic 0.249ns (67.412%)  route 0.120ns (32.588%))
  Logic Levels:           1  (CARRY4=1)
  Clock Path Skew:        0.000ns (DCD - SCD - CPR)
    Destination Clock Delay (DCD):    2.018ns
    Source Clock Delay      (SCD):    1.501ns
    Clock Pessimism Removal (CPR):    0.517ns

    Location             Delay type                Incr(ns)  Path(ns)    Netlist Resource(s)
  -------------------------------------------------------------------    -------------------
                         (clock sys_clk_pin rise edge)
                                                      0.000     0.000 r  
    K17                                               0.000     0.000 r  sysclk (IN)
                         net (fo=0)                   0.000     0.000    sysclk
    K17                  IBUF (Prop_ibuf_I_O)         0.259     0.259 r  sysclk_IBUF_inst/O
                         net (fo=1, routed)           0.627     0.887    sysclk_IBUF
    BUFGCTRL_X0Y16       BUFG (Prop_bufg_I_O)         0.026     0.913 r  sysclk_IBUF_BUFG_inst/O
                         net (fo=28, routed)          0.589     1.501    uut/sysclk
    SLICE_X43Y51         FDRE                                         r  uut/count_reg[3]/C
  -------------------------------------------------------------------    -------------------
    SLICE_X43Y51         FDRE (Prop_fdre_C_Q)         0.141     1.642 r  uut/count_reg[3]/Q
                         net (fo=2, routed)           0.120     1.763    uut/count_reg[3]
    SLICE_X43Y51         CARRY4 (Prop_carry4_S[3]_O[3])
                                                      0.108     1.871 r  uut/count_reg[0]_i_2/O[3]
                         net (fo=1, routed)           0.000     1.871    uut/count_reg[0]_i_2_n_4
    SLICE_X43Y51         FDRE                                         r  uut/count_reg[3]/D
  -------------------------------------------------------------------    -------------------

                         (clock sys_clk_pin rise edge)
                                                      0.000     0.000 r  
    K17                                               0.000     0.000 r  sysclk (IN)
                         net (fo=0)                   0.000     0.000    sysclk
    K17                  IBUF (Prop_ibuf_I_O)         0.447     0.447 r  sysclk_IBUF_inst/O
                         net (fo=1, routed)           0.683     1.130    sysclk_IBUF
    BUFGCTRL_X0Y16       BUFG (Prop_bufg_I_O)         0.029     1.159 r  sysclk_IBUF_BUFG_inst/O
                         net (fo=28, routed)          0.859     2.018    uut/sysclk
    SLICE_X43Y51         FDRE                                         r  uut/count_reg[3]/C
                         clock pessimism             -0.517     1.501    
    SLICE_X43Y51         FDRE (Hold_fdre_C_D)         0.105     1.606    uut/count_reg[3]
  -------------------------------------------------------------------
                         required time                         -1.606    
                         arrival time                           1.871    
  -------------------------------------------------------------------
                         slack                                  0.264    

Slack (MET) :             0.264ns  (arrival time - required time)
  Source:                 uut/count_reg[11]/C
                            (rising edge-triggered cell FDRE clocked by sys_clk_pin  {rise@0.000ns fall@4.000ns period=8.000ns})
  Destination:            uut/count_reg[11]/D
                            (rising edge-triggered cell FDRE clocked by sys_clk_pin  {rise@0.000ns fall@4.000ns period=8.000ns})
  Path Group:             sys_clk_pin
  Path Type:              Hold (Min at Fast Process Corner)
  Requirement:            0.000ns  (sys_clk_pin rise@0.000ns - sys_clk_pin rise@0.000ns)
  Data Path Delay:        0.369ns  (logic 0.249ns (67.412%)  route 0.120ns (32.588%))
  Logic Levels:           1  (CARRY4=1)
  Clock Path Skew:        0.000ns (DCD - SCD - CPR)
    Destination Clock Delay (DCD):    2.017ns
    Source Clock Delay      (SCD):    1.500ns
    Clock Pessimism Removal (CPR):    0.517ns

    Location             Delay type                Incr(ns)  Path(ns)    Netlist Resource(s)
  -------------------------------------------------------------------    -------------------
                         (clock sys_clk_pin rise edge)
                                                      0.000     0.000 r  
    K17                                               0.000     0.000 r  sysclk (IN)
                         net (fo=0)                   0.000     0.000    sysclk
    K17                  IBUF (Prop_ibuf_I_O)         0.259     0.259 r  sysclk_IBUF_inst/O
                         net (fo=1, routed)           0.627     0.887    sysclk_IBUF
    BUFGCTRL_X0Y16       BUFG (Prop_bufg_I_O)         0.026     0.913 r  sysclk_IBUF_BUFG_inst/O
                         net (fo=28, routed)          0.588     1.500    uut/sysclk
    SLICE_X43Y53         FDRE                                         r  uut/count_reg[11]/C
  -------------------------------------------------------------------    -------------------
    SLICE_X43Y53         FDRE (Prop_fdre_C_Q)         0.141     1.641 r  uut/count_reg[11]/Q
                         net (fo=2, routed)           0.120     1.762    uut/count_reg[11]
    SLICE_X43Y53         CARRY4 (Prop_carry4_S[3]_O[3])
                                                      0.108     1.870 r  uut/count_reg[8]_i_1/O[3]
                         net (fo=1, routed)           0.000     1.870    uut/count_reg[8]_i_1_n_4
    SLICE_X43Y53         FDRE                                         r  uut/count_reg[11]/D
  -------------------------------------------------------------------    -------------------

                         (clock sys_clk_pin rise edge)
                                                      0.000     0.000 r  
    K17                                               0.000     0.000 r  sysclk (IN)
                         net (fo=0)                   0.000     0.000    sysclk
    K17                  IBUF (Prop_ibuf_I_O)         0.447     0.447 r  sysclk_IBUF_inst/O
                         net (fo=1, routed)           0.683     1.130    sysclk_IBUF
    BUFGCTRL_X0Y16       BUFG (Prop_bufg_I_O)         0.029     1.159 r  sysclk_IBUF_BUFG_inst/O
                         net (fo=28, routed)          0.858     2.017    uut/sysclk
    SLICE_X43Y53         FDRE                                         r  uut/count_reg[11]/C
                         clock pessimism             -0.517     1.500    
    SLICE_X43Y53         FDRE (Hold_fdre_C_D)         0.105     1.605    uut/count_reg[11]
  -------------------------------------------------------------------
                         required time                         -1.605    
                         arrival time                           1.870    
  -------------------------------------------------------------------
                         slack                                  0.264    

Slack (MET) :             0.266ns  (arrival time - required time)
  Source:                 uut/count_reg[8]/C
                            (rising edge-triggered cell FDRE clocked by sys_clk_pin  {rise@0.000ns fall@4.000ns period=8.000ns})
  Destination:            uut/count_reg[8]/D
                            (rising edge-triggered cell FDRE clocked by sys_clk_pin  {rise@0.000ns fall@4.000ns period=8.000ns})
  Path Group:             sys_clk_pin
  Path Type:              Hold (Min at Fast Process Corner)
  Requirement:            0.000ns  (sys_clk_pin rise@0.000ns - sys_clk_pin rise@0.000ns)
  Data Path Delay:        0.371ns  (logic 0.256ns (68.994%)  route 0.115ns (31.006%))
  Logic Levels:           1  (CARRY4=1)
  Clock Path Skew:        0.000ns (DCD - SCD - CPR)
    Destination Clock Delay (DCD):    2.017ns
    Source Clock Delay      (SCD):    1.500ns
    Clock Pessimism Removal (CPR):    0.517ns

    Location             Delay type                Incr(ns)  Path(ns)    Netlist Resource(s)
  -------------------------------------------------------------------    -------------------
                         (clock sys_clk_pin rise edge)
                                                      0.000     0.000 r  
    K17                                               0.000     0.000 r  sysclk (IN)
                         net (fo=0)                   0.000     0.000    sysclk
    K17                  IBUF (Prop_ibuf_I_O)         0.259     0.259 r  sysclk_IBUF_inst/O
                         net (fo=1, routed)           0.627     0.887    sysclk_IBUF
    BUFGCTRL_X0Y16       BUFG (Prop_bufg_I_O)         0.026     0.913 r  sysclk_IBUF_BUFG_inst/O
                         net (fo=28, routed)          0.588     1.500    uut/sysclk
    SLICE_X43Y53         FDRE                                         r  uut/count_reg[8]/C
  -------------------------------------------------------------------    -------------------
    SLICE_X43Y53         FDRE (Prop_fdre_C_Q)         0.141     1.641 r  uut/count_reg[8]/Q
                         net (fo=2, routed)           0.115     1.756    uut/count_reg[8]
    SLICE_X43Y53         CARRY4 (Prop_carry4_S[0]_O[0])
                                                      0.115     1.871 r  uut/count_reg[8]_i_1/O[0]
                         net (fo=1, routed)           0.000     1.871    uut/count_reg[8]_i_1_n_7
    SLICE_X43Y53         FDRE                                         r  uut/count_reg[8]/D
  -------------------------------------------------------------------    -------------------

                         (clock sys_clk_pin rise edge)
                                                      0.000     0.000 r  
    K17                                               0.000     0.000 r  sysclk (IN)
                         net (fo=0)                   0.000     0.000    sysclk
    K17                  IBUF (Prop_ibuf_I_O)         0.447     0.447 r  sysclk_IBUF_inst/O
                         net (fo=1, routed)           0.683     1.130    sysclk_IBUF
    BUFGCTRL_X0Y16       BUFG (Prop_bufg_I_O)         0.029     1.159 r  sysclk_IBUF_BUFG_inst/O
                         net (fo=28, routed)          0.858     2.017    uut/sysclk
    SLICE_X43Y53         FDRE                                         r  uut/count_reg[8]/C
                         clock pessimism             -0.517     1.500    
    SLICE_X43Y53         FDRE (Hold_fdre_C_D)         0.105     1.605    uut/count_reg[8]
  -------------------------------------------------------------------
                         required time                         -1.605    
                         arrival time                           1.871    
  -------------------------------------------------------------------
                         slack                                  0.266    

Slack (MET) :             0.266ns  (arrival time - required time)
  Source:                 uut/count_reg[4]/C
                            (rising edge-triggered cell FDRE clocked by sys_clk_pin  {rise@0.000ns fall@4.000ns period=8.000ns})
  Destination:            uut/count_reg[4]/D
                            (rising edge-triggered cell FDRE clocked by sys_clk_pin  {rise@0.000ns fall@4.000ns period=8.000ns})
  Path Group:             sys_clk_pin
  Path Type:              Hold (Min at Fast Process Corner)
  Requirement:            0.000ns  (sys_clk_pin rise@0.000ns - sys_clk_pin rise@0.000ns)
  Data Path Delay:        0.371ns  (logic 0.256ns (68.984%)  route 0.115ns (31.016%))
  Logic Levels:           1  (CARRY4=1)
  Clock Path Skew:        0.000ns (DCD - SCD - CPR)
    Destination Clock Delay (DCD):    2.018ns
    Source Clock Delay      (SCD):    1.501ns
    Clock Pessimism Removal (CPR):    0.517ns

    Location             Delay type                Incr(ns)  Path(ns)    Netlist Resource(s)
  -------------------------------------------------------------------    -------------------
                         (clock sys_clk_pin rise edge)
                                                      0.000     0.000 r  
    K17                                               0.000     0.000 r  sysclk (IN)
                         net (fo=0)                   0.000     0.000    sysclk
    K17                  IBUF (Prop_ibuf_I_O)         0.259     0.259 r  sysclk_IBUF_inst/O
                         net (fo=1, routed)           0.627     0.887    sysclk_IBUF
    BUFGCTRL_X0Y16       BUFG (Prop_bufg_I_O)         0.026     0.913 r  sysclk_IBUF_BUFG_inst/O
                         net (fo=28, routed)          0.589     1.501    uut/sysclk
    SLICE_X43Y52         FDRE                                         r  uut/count_reg[4]/C
  -------------------------------------------------------------------    -------------------
    SLICE_X43Y52         FDRE (Prop_fdre_C_Q)         0.141     1.642 r  uut/count_reg[4]/Q
                         net (fo=2, routed)           0.115     1.757    uut/count_reg[4]
    SLICE_X43Y52         CARRY4 (Prop_carry4_S[0]_O[0])
                                                      0.115     1.872 r  uut/count_reg[4]_i_1/O[0]
                         net (fo=1, routed)           0.000     1.872    uut/count_reg[4]_i_1_n_7
    SLICE_X43Y52         FDRE                                         r  uut/count_reg[4]/D
  -------------------------------------------------------------------    -------------------

                         (clock sys_clk_pin rise edge)
                                                      0.000     0.000 r  
    K17                                               0.000     0.000 r  sysclk (IN)
                         net (fo=0)                   0.000     0.000    sysclk
    K17                  IBUF (Prop_ibuf_I_O)         0.447     0.447 r  sysclk_IBUF_inst/O
                         net (fo=1, routed)           0.683     1.130    sysclk_IBUF
    BUFGCTRL_X0Y16       BUFG (Prop_bufg_I_O)         0.029     1.159 r  sysclk_IBUF_BUFG_inst/O
                         net (fo=28, routed)          0.859     2.018    uut/sysclk
    SLICE_X43Y52         FDRE                                         r  uut/count_reg[4]/C
                         clock pessimism             -0.517     1.501    
    SLICE_X43Y52         FDRE (Hold_fdre_C_D)         0.105     1.606    uut/count_reg[4]
  -------------------------------------------------------------------
                         required time                         -1.606    
                         arrival time                           1.872    
  -------------------------------------------------------------------
                         slack                                  0.266    

Slack (MET) :             0.267ns  (arrival time - required time)
  Source:                 uut/count_reg[12]/C
                            (rising edge-triggered cell FDRE clocked by sys_clk_pin  {rise@0.000ns fall@4.000ns period=8.000ns})
  Destination:            uut/count_reg[12]/D
                            (rising edge-triggered cell FDRE clocked by sys_clk_pin  {rise@0.000ns fall@4.000ns period=8.000ns})
  Path Group:             sys_clk_pin
  Path Type:              Hold (Min at Fast Process Corner)
  Requirement:            0.000ns  (sys_clk_pin rise@0.000ns - sys_clk_pin rise@0.000ns)
  Data Path Delay:        0.372ns  (logic 0.256ns (68.766%)  route 0.116ns (31.234%))
  Logic Levels:           1  (CARRY4=1)
  Clock Path Skew:        0.000ns (DCD - SCD - CPR)
    Destination Clock Delay (DCD):    2.017ns
    Source Clock Delay      (SCD):    1.500ns
    Clock Pessimism Removal (CPR):    0.517ns

    Location             Delay type                Incr(ns)  Path(ns)    Netlist Resource(s)
  -------------------------------------------------------------------    -------------------
                         (clock sys_clk_pin rise edge)
                                                      0.000     0.000 r  
    K17                                               0.000     0.000 r  sysclk (IN)
                         net (fo=0)                   0.000     0.000    sysclk
    K17                  IBUF (Prop_ibuf_I_O)         0.259     0.259 r  sysclk_IBUF_inst/O
                         net (fo=1, routed)           0.627     0.887    sysclk_IBUF
    BUFGCTRL_X0Y16       BUFG (Prop_bufg_I_O)         0.026     0.913 r  sysclk_IBUF_BUFG_inst/O
                         net (fo=28, routed)          0.588     1.500    uut/sysclk
    SLICE_X43Y54         FDRE                                         r  uut/count_reg[12]/C
  -------------------------------------------------------------------    -------------------
    SLICE_X43Y54         FDRE (Prop_fdre_C_Q)         0.141     1.641 r  uut/count_reg[12]/Q
                         net (fo=2, routed)           0.116     1.758    uut/count_reg[12]
    SLICE_X43Y54         CARRY4 (Prop_carry4_S[0]_O[0])
                                                      0.115     1.873 r  uut/count_reg[12]_i_1/O[0]
                         net (fo=1, routed)           0.000     1.873    uut/count_reg[12]_i_1_n_7
    SLICE_X43Y54         FDRE                                         r  uut/count_reg[12]/D
  -------------------------------------------------------------------    -------------------

                         (clock sys_clk_pin rise edge)
                                                      0.000     0.000 r  
    K17                                               0.000     0.000 r  sysclk (IN)
                         net (fo=0)                   0.000     0.000    sysclk
    K17                  IBUF (Prop_ibuf_I_O)         0.447     0.447 r  sysclk_IBUF_inst/O
                         net (fo=1, routed)           0.683     1.130    sysclk_IBUF
    BUFGCTRL_X0Y16       BUFG (Prop_bufg_I_O)         0.029     1.159 r  sysclk_IBUF_BUFG_inst/O
                         net (fo=28, routed)          0.858     2.017    uut/sysclk
    SLICE_X43Y54         FDRE                                         r  uut/count_reg[12]/C
                         clock pessimism             -0.517     1.500    
    SLICE_X43Y54         FDRE (Hold_fdre_C_D)         0.105     1.605    uut/count_reg[12]
  -------------------------------------------------------------------
                         required time                         -1.605    
                         arrival time                           1.873    
  -------------------------------------------------------------------
                         slack                                  0.267    

Slack (MET) :             0.267ns  (arrival time - required time)
  Source:                 uut/count_reg[18]/C
                            (rising edge-triggered cell FDRE clocked by sys_clk_pin  {rise@0.000ns fall@4.000ns period=8.000ns})
  Destination:            uut/count_reg[18]/D
                            (rising edge-triggered cell FDRE clocked by sys_clk_pin  {rise@0.000ns fall@4.000ns period=8.000ns})
  Path Group:             sys_clk_pin
  Path Type:              Hold (Min at Fast Process Corner)
  Requirement:            0.000ns  (sys_clk_pin rise@0.000ns - sys_clk_pin rise@0.000ns)
  Data Path Delay:        0.372ns  (logic 0.252ns (67.654%)  route 0.120ns (32.346%))
  Logic Levels:           1  (CARRY4=1)
  Clock Path Skew:        0.000ns (DCD - SCD - CPR)
    Destination Clock Delay (DCD):    2.017ns
    Source Clock Delay      (SCD):    1.500ns
    Clock Pessimism Removal (CPR):    0.517ns

    Location             Delay type                Incr(ns)  Path(ns)    Netlist Resource(s)
  -------------------------------------------------------------------    -------------------
                         (clock sys_clk_pin rise edge)
                                                      0.000     0.000 r  
    K17                                               0.000     0.000 r  sysclk (IN)
                         net (fo=0)                   0.000     0.000    sysclk
    K17                  IBUF (Prop_ibuf_I_O)         0.259     0.259 r  sysclk_IBUF_inst/O
                         net (fo=1, routed)           0.627     0.887    sysclk_IBUF
    BUFGCTRL_X0Y16       BUFG (Prop_bufg_I_O)         0.026     0.913 r  sysclk_IBUF_BUFG_inst/O
                         net (fo=28, routed)          0.588     1.500    uut/sysclk
    SLICE_X43Y55         FDRE                                         r  uut/count_reg[18]/C
  -------------------------------------------------------------------    -------------------
    SLICE_X43Y55         FDRE (Prop_fdre_C_Q)         0.141     1.641 r  uut/count_reg[18]/Q
                         net (fo=2, routed)           0.120     1.762    uut/count_reg[18]
    SLICE_X43Y55         CARRY4 (Prop_carry4_S[2]_O[2])
                                                      0.111     1.873 r  uut/count_reg[16]_i_1/O[2]
                         net (fo=1, routed)           0.000     1.873    uut/count_reg[16]_i_1_n_5
    SLICE_X43Y55         FDRE                                         r  uut/count_reg[18]/D
  -------------------------------------------------------------------    -------------------

                         (clock sys_clk_pin rise edge)
                                                      0.000     0.000 r  
    K17                                               0.000     0.000 r  sysclk (IN)
                         net (fo=0)                   0.000     0.000    sysclk
    K17                  IBUF (Prop_ibuf_I_O)         0.447     0.447 r  sysclk_IBUF_inst/O
                         net (fo=1, routed)           0.683     1.130    sysclk_IBUF
    BUFGCTRL_X0Y16       BUFG (Prop_bufg_I_O)         0.029     1.159 r  sysclk_IBUF_BUFG_inst/O
                         net (fo=28, routed)          0.858     2.017    uut/sysclk
    SLICE_X43Y55         FDRE                                         r  uut/count_reg[18]/C
                         clock pessimism             -0.517     1.500    
    SLICE_X43Y55         FDRE (Hold_fdre_C_D)         0.105     1.605    uut/count_reg[18]
  -------------------------------------------------------------------
                         required time                         -1.605    
                         arrival time                           1.873    
  -------------------------------------------------------------------
                         slack                                  0.267    





Pulse Width Checks
--------------------------------------------------------------------------------------
Clock Name:         sys_clk_pin
Waveform(ns):       { 0.000 4.000 }
Period(ns):         8.000
Sources:            { sysclk }

Check Type        Corner  Lib Pin  Reference Pin  Required(ns)  Actual(ns)  Slack(ns)  Location        Pin
Min Period        n/a     BUFG/I   n/a            2.155         8.000       5.845      BUFGCTRL_X0Y16  sysclk_IBUF_BUFG_inst/I
Min Period        n/a     FDRE/C   n/a            1.000         8.000       7.000      SLICE_X43Y51    uut/count_reg[0]/C
Min Period        n/a     FDRE/C   n/a            1.000         8.000       7.000      SLICE_X43Y53    uut/count_reg[10]/C
Min Period        n/a     FDRE/C   n/a            1.000         8.000       7.000      SLICE_X43Y53    uut/count_reg[11]/C
Min Period        n/a     FDRE/C   n/a            1.000         8.000       7.000      SLICE_X43Y54    uut/count_reg[12]/C
Min Period        n/a     FDRE/C   n/a            1.000         8.000       7.000      SLICE_X43Y54    uut/count_reg[13]/C
Min Period        n/a     FDRE/C   n/a            1.000         8.000       7.000      SLICE_X43Y54    uut/count_reg[14]/C
Min Period        n/a     FDRE/C   n/a            1.000         8.000       7.000      SLICE_X43Y54    uut/count_reg[15]/C
Min Period        n/a     FDRE/C   n/a            1.000         8.000       7.000      SLICE_X43Y55    uut/count_reg[16]/C
Min Period        n/a     FDRE/C   n/a            1.000         8.000       7.000      SLICE_X43Y55    uut/count_reg[17]/C
Low Pulse Width   Slow    FDRE/C   n/a            0.500         4.000       3.500      SLICE_X43Y51    uut/count_reg[0]/C
Low Pulse Width   Fast    FDRE/C   n/a            0.500         4.000       3.500      SLICE_X43Y51    uut/count_reg[0]/C
Low Pulse Width   Slow    FDRE/C   n/a            0.500         4.000       3.500      SLICE_X43Y53    uut/count_reg[10]/C
Low Pulse Width   Fast    FDRE/C   n/a            0.500         4.000       3.500      SLICE_X43Y53    uut/count_reg[10]/C
Low Pulse Width   Slow    FDRE/C   n/a            0.500         4.000       3.500      SLICE_X43Y53    uut/count_reg[11]/C
Low Pulse Width   Fast    FDRE/C   n/a            0.500         4.000       3.500      SLICE_X43Y53    uut/count_reg[11]/C
Low Pulse Width   Slow    FDRE/C   n/a            0.500         4.000       3.500      SLICE_X43Y54    uut/count_reg[12]/C
Low Pulse Width   Fast    FDRE/C   n/a            0.500         4.000       3.500      SLICE_X43Y54    uut/count_reg[12]/C
Low Pulse Width   Slow    FDRE/C   n/a            0.500         4.000       3.500      SLICE_X43Y54    uut/count_reg[13]/C
Low Pulse Width   Fast    FDRE/C   n/a            0.500         4.000       3.500      SLICE_X43Y54    uut/count_reg[13]/C
High Pulse Width  Slow    FDRE/C   n/a            0.500         4.000       3.500      SLICE_X43Y51    uut/count_reg[0]/C
High Pulse Width  Fast    FDRE/C   n/a            0.500         4.000       3.500      SLICE_X43Y51    uut/count_reg[0]/C
High Pulse Width  Slow    FDRE/C   n/a            0.500         4.000       3.500      SLICE_X43Y53    uut/count_reg[10]/C
High Pulse Width  Fast    FDRE/C   n/a            0.500         4.000       3.500      SLICE_X43Y53    uut/count_reg[10]/C
High Pulse Width  Slow    FDRE/C   n/a            0.500         4.000       3.500      SLICE_X43Y53    uut/count_reg[11]/C
High Pulse Width  Fast    FDRE/C   n/a            0.500         4.000       3.500      SLICE_X43Y53    uut/count_reg[11]/C
High Pulse Width  Slow    FDRE/C   n/a            0.500         4.000       3.500      SLICE_X43Y54    uut/count_reg[12]/C
High Pulse Width  Fast    FDRE/C   n/a            0.500         4.000       3.500      SLICE_X43Y54    uut/count_reg[12]/C
High Pulse Width  Slow    FDRE/C   n/a            0.500         4.000       3.500      SLICE_X43Y54    uut/count_reg[13]/C
High Pulse Width  Fast    FDRE/C   n/a            0.500         4.000       3.500      SLICE_X43Y54    uut/count_reg[13]/C



--------------------------------------------------------------------------------------
Path Group:  (none)
From Clock:  
  To Clock:  

Max Delay             3 Endpoints
Min Delay             3 Endpoints
--------------------------------------------------------------------------------------


Max Delay Paths
--------------------------------------------------------------------------------------
Slack:                    inf
  Source:                 sw[1]
                            (input port)
  Destination:            rgb_out[0]
                            (output port)
  Path Group:             (none)
  Path Type:              Max at Slow Process Corner
  Data Path Delay:        10.634ns  (logic 5.101ns (47.965%)  route 5.533ns (52.035%))
  Logic Levels:           3  (IBUF=1 LUT4=1 OBUF=1)

    Location             Delay type                Incr(ns)  Path(ns)    Netlist Resource(s)
  -------------------------------------------------------------------    -------------------
    P15                                               0.000     0.000 f  sw[1] (IN)
                         net (fo=0)                   0.000     0.000    sw[1]
    P15                  IBUF (Prop_ibuf_I_O)         1.451     1.451 f  sw_IBUF[1]_inst/O
                         net (fo=4, routed)           2.556     4.007    uut/sw_IBUF[1]
    SLICE_X42Y53         LUT4 (Prop_lut4_I2_O)        0.124     4.131 r  uut/rgb_out_OBUF[0]_inst_i_1/O
                         net (fo=1, routed)           2.977     7.108    rgb_out_OBUF[0]
    V16                  OBUF (Prop_obuf_I_O)         3.526    10.634 r  rgb_out_OBUF[0]_inst/O
                         net (fo=0)                   0.000    10.634    rgb_out[0]
    V16                                                               r  rgb_out[0] (OUT)
  -------------------------------------------------------------------    -------------------

Slack:                    inf
  Source:                 sw[1]
                            (input port)
  Destination:            rgb_out[2]
                            (output port)
  Path Group:             (none)
  Path Type:              Max at Slow Process Corner
  Data Path Delay:        10.564ns  (logic 5.422ns (51.328%)  route 5.142ns (48.672%))
  Logic Levels:           3  (IBUF=1 LUT4=1 OBUF=1)

    Location             Delay type                Incr(ns)  Path(ns)    Netlist Resource(s)
  -------------------------------------------------------------------    -------------------
    P15                                               0.000     0.000 f  sw[1] (IN)
                         net (fo=0)                   0.000     0.000    sw[1]
    P15                  IBUF (Prop_ibuf_I_O)         1.451     1.451 f  sw_IBUF[1]_inst/O
                         net (fo=4, routed)           2.556     4.007    uut/sw_IBUF[1]
    SLICE_X42Y53         LUT4 (Prop_lut4_I3_O)        0.152     4.159 r  uut/rgb_out_OBUF[2]_inst_i_1/O
                         net (fo=1, routed)           2.586     6.745    rgb_out_OBUF[2]
    M17                  OBUF (Prop_obuf_I_O)         3.820    10.564 r  rgb_out_OBUF[2]_inst/O
                         net (fo=0)                   0.000    10.564    rgb_out[2]
    M17                                                               r  rgb_out[2] (OUT)
  -------------------------------------------------------------------    -------------------

Slack:                    inf
  Source:                 sw[1]
                            (input port)
  Destination:            rgb_out[1]
                            (output port)
  Path Group:             (none)
  Path Type:              Max at Slow Process Corner
  Data Path Delay:        10.000ns  (logic 5.086ns (50.859%)  route 4.914ns (49.141%))
  Logic Levels:           3  (IBUF=1 LUT4=1 OBUF=1)

    Location             Delay type                Incr(ns)  Path(ns)    Netlist Resource(s)
  -------------------------------------------------------------------    -------------------
    P15                                               0.000     0.000 r  sw[1] (IN)
                         net (fo=0)                   0.000     0.000    sw[1]
    P15                  IBUF (Prop_ibuf_I_O)         1.451     1.451 r  sw_IBUF[1]_inst/O
                         net (fo=4, routed)           2.168     3.619    uut/sw_IBUF[1]
    SLICE_X42Y53         LUT4 (Prop_lut4_I2_O)        0.124     3.743 r  uut/rgb_out_OBUF[1]_inst_i_1/O
                         net (fo=1, routed)           2.746     6.489    rgb_out_OBUF[1]
    F17                  OBUF (Prop_obuf_I_O)         3.511    10.000 r  rgb_out_OBUF[1]_inst/O
                         net (fo=0)                   0.000    10.000    rgb_out[1]
    F17                                                               r  rgb_out[1] (OUT)
  -------------------------------------------------------------------    -------------------





Min Delay Paths
--------------------------------------------------------------------------------------
Slack:                    inf
  Source:                 sw[2]
                            (input port)
  Destination:            rgb_out[2]
                            (output port)
  Path Group:             (none)
  Path Type:              Min at Fast Process Corner
  Data Path Delay:        2.941ns  (logic 1.723ns (58.589%)  route 1.218ns (41.411%))
  Logic Levels:           3  (IBUF=1 LUT4=1 OBUF=1)

    Location             Delay type                Incr(ns)  Path(ns)    Netlist Resource(s)
  -------------------------------------------------------------------    -------------------
    W13                                               0.000     0.000 r  sw[2] (IN)
                         net (fo=0)                   0.000     0.000    sw[2]
    W13                  IBUF (Prop_ibuf_I_O)         0.306     0.306 r  sw_IBUF[2]_inst/O
                         net (fo=4, routed)           0.504     0.811    uut/sw_IBUF[2]
    SLICE_X42Y53         LUT4 (Prop_lut4_I1_O)        0.048     0.859 r  uut/rgb_out_OBUF[2]_inst_i_1/O
                         net (fo=1, routed)           0.714     1.572    rgb_out_OBUF[2]
    M17                  OBUF (Prop_obuf_I_O)         1.369     2.941 r  rgb_out_OBUF[2]_inst/O
                         net (fo=0)                   0.000     2.941    rgb_out[2]
    M17                                                               r  rgb_out[2] (OUT)
  -------------------------------------------------------------------    -------------------

Slack:                    inf
  Source:                 sw[0]
                            (input port)
  Destination:            rgb_out[1]
                            (output port)
  Path Group:             (none)
  Path Type:              Min at Fast Process Corner
  Data Path Delay:        2.965ns  (logic 1.478ns (49.838%)  route 1.487ns (50.162%))
  Logic Levels:           3  (IBUF=1 LUT4=1 OBUF=1)

    Location             Delay type                Incr(ns)  Path(ns)    Netlist Resource(s)
  -------------------------------------------------------------------    -------------------
    G15                                               0.000     0.000 f  sw[0] (IN)
                         net (fo=0)                   0.000     0.000    sw[0]
    G15                  IBUF (Prop_ibuf_I_O)         0.220     0.220 f  sw_IBUF[0]_inst/O
                         net (fo=4, routed)           0.679     0.900    uut/sw_IBUF[0]
    SLICE_X42Y53         LUT4 (Prop_lut4_I3_O)        0.045     0.945 r  uut/rgb_out_OBUF[1]_inst_i_1/O
                         net (fo=1, routed)           0.808     1.753    rgb_out_OBUF[1]
    F17                  OBUF (Prop_obuf_I_O)         1.212     2.965 r  rgb_out_OBUF[1]_inst/O
                         net (fo=0)                   0.000     2.965    rgb_out[1]
    F17                                                               r  rgb_out[1] (OUT)
  -------------------------------------------------------------------    -------------------

Slack:                    inf
  Source:                 sw[2]
                            (input port)
  Destination:            rgb_out[0]
                            (output port)
  Path Group:             (none)
  Path Type:              Min at Fast Process Corner
  Data Path Delay:        2.976ns  (logic 1.578ns (53.035%)  route 1.398ns (46.965%))
  Logic Levels:           3  (IBUF=1 LUT4=1 OBUF=1)

    Location             Delay type                Incr(ns)  Path(ns)    Netlist Resource(s)
  -------------------------------------------------------------------    -------------------
    W13                                               0.000     0.000 f  sw[2] (IN)
                         net (fo=0)                   0.000     0.000    sw[2]
    W13                  IBUF (Prop_ibuf_I_O)         0.306     0.306 f  sw_IBUF[2]_inst/O
                         net (fo=4, routed)           0.504     0.811    uut/sw_IBUF[2]
    SLICE_X42Y53         LUT4 (Prop_lut4_I3_O)        0.045     0.856 r  uut/rgb_out_OBUF[0]_inst_i_1/O
                         net (fo=1, routed)           0.893     1.749    rgb_out_OBUF[0]
    V16                  OBUF (Prop_obuf_I_O)         1.227     2.976 r  rgb_out_OBUF[0]_inst/O
                         net (fo=0)                   0.000     2.976    rgb_out[0]
    V16                                                               r  rgb_out[0] (OUT)
  -------------------------------------------------------------------    -------------------





--------------------------------------------------------------------------------------
Path Group:  (none)
From Clock:  sys_clk_pin
  To Clock:  

Max Delay             3 Endpoints
Min Delay             3 Endpoints
--------------------------------------------------------------------------------------


Max Delay Paths
--------------------------------------------------------------------------------------
Slack:                    inf
  Source:                 uut/led_val_reg/C
                            (rising edge-triggered cell FDRE clocked by sys_clk_pin  {rise@0.000ns fall@4.000ns period=8.000ns})
  Destination:            rgb_out[1]
                            (output port)
  Path Group:             (none)
  Path Type:              Max at Slow Process Corner
  Data Path Delay:        7.719ns  (logic 4.153ns (53.807%)  route 3.566ns (46.193%))
  Logic Levels:           2  (LUT4=1 OBUF=1)
  Clock Uncertainty:      0.025ns  ((TSJ^2 + TIJ^2)^1/2 + DJ) / 2 + PE
    Total System Jitter     (TSJ):    0.050ns
    Total Input Jitter      (TIJ):    0.000ns
    Discrete Jitter          (DJ):    0.000ns
    Phase Error              (PE):    0.000ns

    Location             Delay type                Incr(ns)  Path(ns)    Netlist Resource(s)
  -------------------------------------------------------------------    -------------------
                         (clock sys_clk_pin rise edge)
                                                      0.000     0.000 r  
    K17                                               0.000     0.000 r  sysclk (IN)
                         net (fo=0)                   0.000     0.000    sysclk
    K17                  IBUF (Prop_ibuf_I_O)         1.492     1.492 r  sysclk_IBUF_inst/O
                         net (fo=1, routed)           2.076     3.568    sysclk_IBUF
    BUFGCTRL_X0Y16       BUFG (Prop_bufg_I_O)         0.101     3.669 r  sysclk_IBUF_BUFG_inst/O
                         net (fo=28, routed)          1.740     5.409    uut/sysclk
    SLICE_X42Y53         FDRE                                         r  uut/led_val_reg/C
  -------------------------------------------------------------------    -------------------
    SLICE_X42Y53         FDRE (Prop_fdre_C_Q)         0.518     5.927 r  uut/led_val_reg/Q
                         net (fo=4, routed)           0.820     6.746    uut/blink_out
    SLICE_X42Y53         LUT4 (Prop_lut4_I0_O)        0.124     6.870 r  uut/rgb_out_OBUF[1]_inst_i_1/O
                         net (fo=1, routed)           2.746     9.616    rgb_out_OBUF[1]
    F17                  OBUF (Prop_obuf_I_O)         3.511    13.128 r  rgb_out_OBUF[1]_inst/O
                         net (fo=0)                   0.000    13.128    rgb_out[1]
    F17                                                               r  rgb_out[1] (OUT)
  -------------------------------------------------------------------    -------------------

Slack:                    inf
  Source:                 uut/led_val_reg/C
                            (rising edge-triggered cell FDRE clocked by sys_clk_pin  {rise@0.000ns fall@4.000ns period=8.000ns})
  Destination:            rgb_out[0]
                            (output port)
  Path Group:             (none)
  Path Type:              Max at Slow Process Corner
  Data Path Delay:        7.688ns  (logic 4.168ns (54.215%)  route 3.520ns (45.785%))
  Logic Levels:           2  (LUT4=1 OBUF=1)
  Clock Uncertainty:      0.025ns  ((TSJ^2 + TIJ^2)^1/2 + DJ) / 2 + PE
    Total System Jitter     (TSJ):    0.050ns
    Total Input Jitter      (TIJ):    0.000ns
    Discrete Jitter          (DJ):    0.000ns
    Phase Error              (PE):    0.000ns

    Location             Delay type                Incr(ns)  Path(ns)    Netlist Resource(s)
  -------------------------------------------------------------------    -------------------
                         (clock sys_clk_pin rise edge)
                                                      0.000     0.000 r  
    K17                                               0.000     0.000 r  sysclk (IN)
                         net (fo=0)                   0.000     0.000    sysclk
    K17                  IBUF (Prop_ibuf_I_O)         1.492     1.492 r  sysclk_IBUF_inst/O
                         net (fo=1, routed)           2.076     3.568    sysclk_IBUF
    BUFGCTRL_X0Y16       BUFG (Prop_bufg_I_O)         0.101     3.669 r  sysclk_IBUF_BUFG_inst/O
                         net (fo=28, routed)          1.740     5.409    uut/sysclk
    SLICE_X42Y53         FDRE                                         r  uut/led_val_reg/C
  -------------------------------------------------------------------    -------------------
    SLICE_X42Y53         FDRE (Prop_fdre_C_Q)         0.518     5.927 r  uut/led_val_reg/Q
                         net (fo=4, routed)           0.542     6.469    uut/blink_out
    SLICE_X42Y53         LUT4 (Prop_lut4_I0_O)        0.124     6.593 r  uut/rgb_out_OBUF[0]_inst_i_1/O
                         net (fo=1, routed)           2.977     9.571    rgb_out_OBUF[0]
    V16                  OBUF (Prop_obuf_I_O)         3.526    13.096 r  rgb_out_OBUF[0]_inst/O
                         net (fo=0)                   0.000    13.096    rgb_out[0]
    V16                                                               r  rgb_out[0] (OUT)
  -------------------------------------------------------------------    -------------------

Slack:                    inf
  Source:                 uut/led_val_reg/C
                            (rising edge-triggered cell FDRE clocked by sys_clk_pin  {rise@0.000ns fall@4.000ns period=8.000ns})
  Destination:            rgb_out[2]
                            (output port)
  Path Group:             (none)
  Path Type:              Max at Slow Process Corner
  Data Path Delay:        7.616ns  (logic 4.488ns (58.925%)  route 3.128ns (41.075%))
  Logic Levels:           2  (LUT4=1 OBUF=1)
  Clock Uncertainty:      0.025ns  ((TSJ^2 + TIJ^2)^1/2 + DJ) / 2 + PE
    Total System Jitter     (TSJ):    0.050ns
    Total Input Jitter      (TIJ):    0.000ns
    Discrete Jitter          (DJ):    0.000ns
    Phase Error              (PE):    0.000ns

    Location             Delay type                Incr(ns)  Path(ns)    Netlist Resource(s)
  -------------------------------------------------------------------    -------------------
                         (clock sys_clk_pin rise edge)
                                                      0.000     0.000 r  
    K17                                               0.000     0.000 r  sysclk (IN)
                         net (fo=0)                   0.000     0.000    sysclk
    K17                  IBUF (Prop_ibuf_I_O)         1.492     1.492 r  sysclk_IBUF_inst/O
                         net (fo=1, routed)           2.076     3.568    sysclk_IBUF
    BUFGCTRL_X0Y16       BUFG (Prop_bufg_I_O)         0.101     3.669 r  sysclk_IBUF_BUFG_inst/O
                         net (fo=28, routed)          1.740     5.409    uut/sysclk
    SLICE_X42Y53         FDRE                                         r  uut/led_val_reg/C
  -------------------------------------------------------------------    -------------------
    SLICE_X42Y53         FDRE (Prop_fdre_C_Q)         0.518     5.927 r  uut/led_val_reg/Q
                         net (fo=4, routed)           0.542     6.469    uut/blink_out
    SLICE_X42Y53         LUT4 (Prop_lut4_I0_O)        0.150     6.619 r  uut/rgb_out_OBUF[2]_inst_i_1/O
                         net (fo=1, routed)           2.586     9.205    rgb_out_OBUF[2]
    M17                  OBUF (Prop_obuf_I_O)         3.820    13.025 r  rgb_out_OBUF[2]_inst/O
                         net (fo=0)                   0.000    13.025    rgb_out[2]
    M17                                                               r  rgb_out[2] (OUT)
  -------------------------------------------------------------------    -------------------





Min Delay Paths
--------------------------------------------------------------------------------------
Slack:                    inf
  Source:                 uut/led_val_reg/C
                            (rising edge-triggered cell FDRE clocked by sys_clk_pin  {rise@0.000ns fall@4.000ns period=8.000ns})
  Destination:            rgb_out[2]
                            (output port)
  Path Group:             (none)
  Path Type:              Min at Fast Process Corner
  Data Path Delay:        2.476ns  (logic 1.576ns (63.643%)  route 0.900ns (36.357%))
  Logic Levels:           2  (LUT4=1 OBUF=1)
  Clock Uncertainty:      0.025ns  ((TSJ^2 + TIJ^2)^1/2 + DJ) / 2 + PE
    Total System Jitter     (TSJ):    0.050ns
    Total Input Jitter      (TIJ):    0.000ns
    Discrete Jitter          (DJ):    0.000ns
    Phase Error              (PE):    0.000ns

    Location             Delay type                Incr(ns)  Path(ns)    Netlist Resource(s)
  -------------------------------------------------------------------    -------------------
                         (clock sys_clk_pin rise edge)
                                                      0.000     0.000 r  
    K17                                               0.000     0.000 r  sysclk (IN)
                         net (fo=0)                   0.000     0.000    sysclk
    K17                  IBUF (Prop_ibuf_I_O)         0.259     0.259 r  sysclk_IBUF_inst/O
                         net (fo=1, routed)           0.627     0.887    sysclk_IBUF
    BUFGCTRL_X0Y16       BUFG (Prop_bufg_I_O)         0.026     0.913 r  sysclk_IBUF_BUFG_inst/O
                         net (fo=28, routed)          0.588     1.500    uut/sysclk
    SLICE_X42Y53         FDRE                                         r  uut/led_val_reg/C
  -------------------------------------------------------------------    -------------------
    SLICE_X42Y53         FDRE (Prop_fdre_C_Q)         0.164     1.664 r  uut/led_val_reg/Q
                         net (fo=4, routed)           0.186     1.851    uut/blink_out
    SLICE_X42Y53         LUT4 (Prop_lut4_I0_O)        0.043     1.894 r  uut/rgb_out_OBUF[2]_inst_i_1/O
                         net (fo=1, routed)           0.714     2.608    rgb_out_OBUF[2]
    M17                  OBUF (Prop_obuf_I_O)         1.369     3.977 r  rgb_out_OBUF[2]_inst/O
                         net (fo=0)                   0.000     3.977    rgb_out[2]
    M17                                                               r  rgb_out[2] (OUT)
  -------------------------------------------------------------------    -------------------

Slack:                    inf
  Source:                 uut/led_val_reg/C
                            (rising edge-triggered cell FDRE clocked by sys_clk_pin  {rise@0.000ns fall@4.000ns period=8.000ns})
  Destination:            rgb_out[1]
                            (output port)
  Path Group:             (none)
  Path Type:              Min at Fast Process Corner
  Data Path Delay:        2.502ns  (logic 1.421ns (56.809%)  route 1.081ns (43.191%))
  Logic Levels:           2  (LUT4=1 OBUF=1)
  Clock Uncertainty:      0.025ns  ((TSJ^2 + TIJ^2)^1/2 + DJ) / 2 + PE
    Total System Jitter     (TSJ):    0.050ns
    Total Input Jitter      (TIJ):    0.000ns
    Discrete Jitter          (DJ):    0.000ns
    Phase Error              (PE):    0.000ns

    Location             Delay type                Incr(ns)  Path(ns)    Netlist Resource(s)
  -------------------------------------------------------------------    -------------------
                         (clock sys_clk_pin rise edge)
                                                      0.000     0.000 r  
    K17                                               0.000     0.000 r  sysclk (IN)
                         net (fo=0)                   0.000     0.000    sysclk
    K17                  IBUF (Prop_ibuf_I_O)         0.259     0.259 r  sysclk_IBUF_inst/O
                         net (fo=1, routed)           0.627     0.887    sysclk_IBUF
    BUFGCTRL_X0Y16       BUFG (Prop_bufg_I_O)         0.026     0.913 r  sysclk_IBUF_BUFG_inst/O
                         net (fo=28, routed)          0.588     1.500    uut/sysclk
    SLICE_X42Y53         FDRE                                         r  uut/led_val_reg/C
  -------------------------------------------------------------------    -------------------
    SLICE_X42Y53         FDRE (Prop_fdre_C_Q)         0.164     1.664 r  uut/led_val_reg/Q
                         net (fo=4, routed)           0.273     1.937    uut/blink_out
    SLICE_X42Y53         LUT4 (Prop_lut4_I0_O)        0.045     1.982 r  uut/rgb_out_OBUF[1]_inst_i_1/O
                         net (fo=1, routed)           0.808     2.790    rgb_out_OBUF[1]
    F17                  OBUF (Prop_obuf_I_O)         1.212     4.002 r  rgb_out_OBUF[1]_inst/O
                         net (fo=0)                   0.000     4.002    rgb_out[1]
    F17                                                               r  rgb_out[1] (OUT)
  -------------------------------------------------------------------    -------------------

Slack:                    inf
  Source:                 uut/led_val_reg/C
                            (rising edge-triggered cell FDRE clocked by sys_clk_pin  {rise@0.000ns fall@4.000ns period=8.000ns})
  Destination:            rgb_out[0]
                            (output port)
  Path Group:             (none)
  Path Type:              Min at Fast Process Corner
  Data Path Delay:        2.516ns  (logic 1.436ns (57.077%)  route 1.080ns (42.923%))
  Logic Levels:           2  (LUT4=1 OBUF=1)
  Clock Uncertainty:      0.025ns  ((TSJ^2 + TIJ^2)^1/2 + DJ) / 2 + PE
    Total System Jitter     (TSJ):    0.050ns
    Total Input Jitter      (TIJ):    0.000ns
    Discrete Jitter          (DJ):    0.000ns
    Phase Error              (PE):    0.000ns

    Location             Delay type                Incr(ns)  Path(ns)    Netlist Resource(s)
  -------------------------------------------------------------------    -------------------
                         (clock sys_clk_pin rise edge)
                                                      0.000     0.000 r  
    K17                                               0.000     0.000 r  sysclk (IN)
                         net (fo=0)                   0.000     0.000    sysclk
    K17                  IBUF (Prop_ibuf_I_O)         0.259     0.259 r  sysclk_IBUF_inst/O
                         net (fo=1, routed)           0.627     0.887    sysclk_IBUF
    BUFGCTRL_X0Y16       BUFG (Prop_bufg_I_O)         0.026     0.913 r  sysclk_IBUF_BUFG_inst/O
                         net (fo=28, routed)          0.588     1.500    uut/sysclk
    SLICE_X42Y53         FDRE                                         r  uut/led_val_reg/C
  -------------------------------------------------------------------    -------------------
    SLICE_X42Y53         FDRE (Prop_fdre_C_Q)         0.164     1.664 r  uut/led_val_reg/Q
                         net (fo=4, routed)           0.186     1.851    uut/blink_out
    SLICE_X42Y53         LUT4 (Prop_lut4_I0_O)        0.045     1.896 r  uut/rgb_out_OBUF[0]_inst_i_1/O
                         net (fo=1, routed)           0.893     2.789    rgb_out_OBUF[0]
    V16                  OBUF (Prop_obuf_I_O)         1.227     4.016 r  rgb_out_OBUF[0]_inst/O
                         net (fo=0)                   0.000     4.016    rgb_out[0]
    V16                                                               r  rgb_out[0] (OUT)
  -------------------------------------------------------------------    -------------------





--------------------------------------------------------------------------------------
Path Group:  (none)
From Clock:  
  To Clock:  sys_clk_pin

Max Delay            28 Endpoints
Min Delay            28 Endpoints
--------------------------------------------------------------------------------------


Max Delay Paths
--------------------------------------------------------------------------------------
Slack:                    inf
  Source:                 rst
                            (input port)
  Destination:            uut/count_reg[12]/R
                            (rising edge-triggered cell FDRE clocked by sys_clk_pin  {rise@0.000ns fall@4.000ns period=8.000ns})
  Path Group:             (none)
  Path Type:              Setup (Max at Slow Process Corner)
  Data Path Delay:        5.692ns  (logic 1.973ns (34.662%)  route 3.719ns (65.338%))
  Logic Levels:           3  (IBUF=1 LUT4=2)
  Clock Path Skew:        4.955ns (DCD - SCD + CPR)
    Destination Clock Delay (DCD):    4.955ns
    Source Clock Delay      (SCD):    0.000ns
    Clock Pessimism Removal (CPR):    0.000ns
  Clock Uncertainty:      0.025ns  ((TSJ^2 + TIJ^2)^1/2 + DJ) / 2 + PE
    Total System Jitter     (TSJ):    0.050ns
    Total Input Jitter      (TIJ):    0.000ns
    Discrete Jitter          (DJ):    0.000ns
    Phase Error              (PE):    0.000ns

    Location             Delay type                Incr(ns)  Path(ns)    Netlist Resource(s)
  -------------------------------------------------------------------    -------------------
    K18                                               0.000     0.000 r  rst (IN)
                         net (fo=0)                   0.000     0.000    rst
    K18                  IBUF (Prop_ibuf_I_O)         1.489     1.489 r  rst_IBUF_inst/O
                         net (fo=1, routed)           2.111     3.600    uut/rst_IBUF
    SLICE_X42Y53         LUT4 (Prop_lut4_I0_O)        0.153     3.753 r  uut/count[0]_i_3/O
                         net (fo=2, routed)           0.707     4.460    uut/count[0]_i_3_n_0
    SLICE_X42Y53         LUT4 (Prop_lut4_I0_O)        0.331     4.791 r  uut/count[0]_i_1/O
                         net (fo=27, routed)          0.901     5.692    uut/count[0]_i_1_n_0
    SLICE_X43Y54         FDRE                                         r  uut/count_reg[12]/R
  -------------------------------------------------------------------    -------------------

                         (clock sys_clk_pin rise edge)
                                                      0.000     0.000 r  
    K17                                               0.000     0.000 r  sysclk (IN)
                         net (fo=0)                   0.000     0.000    sysclk
    K17                  IBUF (Prop_ibuf_I_O)         1.421     1.421 r  sysclk_IBUF_inst/O
                         net (fo=1, routed)           1.880     3.301    sysclk_IBUF
    BUFGCTRL_X0Y16       BUFG (Prop_bufg_I_O)         0.091     3.392 r  sysclk_IBUF_BUFG_inst/O
                         net (fo=28, routed)          1.563     4.955    uut/sysclk
    SLICE_X43Y54         FDRE                                         r  uut/count_reg[12]/C

Slack:                    inf
  Source:                 rst
                            (input port)
  Destination:            uut/count_reg[13]/R
                            (rising edge-triggered cell FDRE clocked by sys_clk_pin  {rise@0.000ns fall@4.000ns period=8.000ns})
  Path Group:             (none)
  Path Type:              Setup (Max at Slow Process Corner)
  Data Path Delay:        5.692ns  (logic 1.973ns (34.662%)  route 3.719ns (65.338%))
  Logic Levels:           3  (IBUF=1 LUT4=2)
  Clock Path Skew:        4.955ns (DCD - SCD + CPR)
    Destination Clock Delay (DCD):    4.955ns
    Source Clock Delay      (SCD):    0.000ns
    Clock Pessimism Removal (CPR):    0.000ns
  Clock Uncertainty:      0.025ns  ((TSJ^2 + TIJ^2)^1/2 + DJ) / 2 + PE
    Total System Jitter     (TSJ):    0.050ns
    Total Input Jitter      (TIJ):    0.000ns
    Discrete Jitter          (DJ):    0.000ns
    Phase Error              (PE):    0.000ns

    Location             Delay type                Incr(ns)  Path(ns)    Netlist Resource(s)
  -------------------------------------------------------------------    -------------------
    K18                                               0.000     0.000 r  rst (IN)
                         net (fo=0)                   0.000     0.000    rst
    K18                  IBUF (Prop_ibuf_I_O)         1.489     1.489 r  rst_IBUF_inst/O
                         net (fo=1, routed)           2.111     3.600    uut/rst_IBUF
    SLICE_X42Y53         LUT4 (Prop_lut4_I0_O)        0.153     3.753 r  uut/count[0]_i_3/O
                         net (fo=2, routed)           0.707     4.460    uut/count[0]_i_3_n_0
    SLICE_X42Y53         LUT4 (Prop_lut4_I0_O)        0.331     4.791 r  uut/count[0]_i_1/O
                         net (fo=27, routed)          0.901     5.692    uut/count[0]_i_1_n_0
    SLICE_X43Y54         FDRE                                         r  uut/count_reg[13]/R
  -------------------------------------------------------------------    -------------------

                         (clock sys_clk_pin rise edge)
                                                      0.000     0.000 r  
    K17                                               0.000     0.000 r  sysclk (IN)
                         net (fo=0)                   0.000     0.000    sysclk
    K17                  IBUF (Prop_ibuf_I_O)         1.421     1.421 r  sysclk_IBUF_inst/O
                         net (fo=1, routed)           1.880     3.301    sysclk_IBUF
    BUFGCTRL_X0Y16       BUFG (Prop_bufg_I_O)         0.091     3.392 r  sysclk_IBUF_BUFG_inst/O
                         net (fo=28, routed)          1.563     4.955    uut/sysclk
    SLICE_X43Y54         FDRE                                         r  uut/count_reg[13]/C

Slack:                    inf
  Source:                 rst
                            (input port)
  Destination:            uut/count_reg[14]/R
                            (rising edge-triggered cell FDRE clocked by sys_clk_pin  {rise@0.000ns fall@4.000ns period=8.000ns})
  Path Group:             (none)
  Path Type:              Setup (Max at Slow Process Corner)
  Data Path Delay:        5.692ns  (logic 1.973ns (34.662%)  route 3.719ns (65.338%))
  Logic Levels:           3  (IBUF=1 LUT4=2)
  Clock Path Skew:        4.955ns (DCD - SCD + CPR)
    Destination Clock Delay (DCD):    4.955ns
    Source Clock Delay      (SCD):    0.000ns
    Clock Pessimism Removal (CPR):    0.000ns
  Clock Uncertainty:      0.025ns  ((TSJ^2 + TIJ^2)^1/2 + DJ) / 2 + PE
    Total System Jitter     (TSJ):    0.050ns
    Total Input Jitter      (TIJ):    0.000ns
    Discrete Jitter          (DJ):    0.000ns
    Phase Error              (PE):    0.000ns

    Location             Delay type                Incr(ns)  Path(ns)    Netlist Resource(s)
  -------------------------------------------------------------------    -------------------
    K18                                               0.000     0.000 r  rst (IN)
                         net (fo=0)                   0.000     0.000    rst
    K18                  IBUF (Prop_ibuf_I_O)         1.489     1.489 r  rst_IBUF_inst/O
                         net (fo=1, routed)           2.111     3.600    uut/rst_IBUF
    SLICE_X42Y53         LUT4 (Prop_lut4_I0_O)        0.153     3.753 r  uut/count[0]_i_3/O
                         net (fo=2, routed)           0.707     4.460    uut/count[0]_i_3_n_0
    SLICE_X42Y53         LUT4 (Prop_lut4_I0_O)        0.331     4.791 r  uut/count[0]_i_1/O
                         net (fo=27, routed)          0.901     5.692    uut/count[0]_i_1_n_0
    SLICE_X43Y54         FDRE                                         r  uut/count_reg[14]/R
  -------------------------------------------------------------------    -------------------

                         (clock sys_clk_pin rise edge)
                                                      0.000     0.000 r  
    K17                                               0.000     0.000 r  sysclk (IN)
                         net (fo=0)                   0.000     0.000    sysclk
    K17                  IBUF (Prop_ibuf_I_O)         1.421     1.421 r  sysclk_IBUF_inst/O
                         net (fo=1, routed)           1.880     3.301    sysclk_IBUF
    BUFGCTRL_X0Y16       BUFG (Prop_bufg_I_O)         0.091     3.392 r  sysclk_IBUF_BUFG_inst/O
                         net (fo=28, routed)          1.563     4.955    uut/sysclk
    SLICE_X43Y54         FDRE                                         r  uut/count_reg[14]/C

Slack:                    inf
  Source:                 rst
                            (input port)
  Destination:            uut/count_reg[15]/R
                            (rising edge-triggered cell FDRE clocked by sys_clk_pin  {rise@0.000ns fall@4.000ns period=8.000ns})
  Path Group:             (none)
  Path Type:              Setup (Max at Slow Process Corner)
  Data Path Delay:        5.692ns  (logic 1.973ns (34.662%)  route 3.719ns (65.338%))
  Logic Levels:           3  (IBUF=1 LUT4=2)
  Clock Path Skew:        4.955ns (DCD - SCD + CPR)
    Destination Clock Delay (DCD):    4.955ns
    Source Clock Delay      (SCD):    0.000ns
    Clock Pessimism Removal (CPR):    0.000ns
  Clock Uncertainty:      0.025ns  ((TSJ^2 + TIJ^2)^1/2 + DJ) / 2 + PE
    Total System Jitter     (TSJ):    0.050ns
    Total Input Jitter      (TIJ):    0.000ns
    Discrete Jitter          (DJ):    0.000ns
    Phase Error              (PE):    0.000ns

    Location             Delay type                Incr(ns)  Path(ns)    Netlist Resource(s)
  -------------------------------------------------------------------    -------------------
    K18                                               0.000     0.000 r  rst (IN)
                         net (fo=0)                   0.000     0.000    rst
    K18                  IBUF (Prop_ibuf_I_O)         1.489     1.489 r  rst_IBUF_inst/O
                         net (fo=1, routed)           2.111     3.600    uut/rst_IBUF
    SLICE_X42Y53         LUT4 (Prop_lut4_I0_O)        0.153     3.753 r  uut/count[0]_i_3/O
                         net (fo=2, routed)           0.707     4.460    uut/count[0]_i_3_n_0
    SLICE_X42Y53         LUT4 (Prop_lut4_I0_O)        0.331     4.791 r  uut/count[0]_i_1/O
                         net (fo=27, routed)          0.901     5.692    uut/count[0]_i_1_n_0
    SLICE_X43Y54         FDRE                                         r  uut/count_reg[15]/R
  -------------------------------------------------------------------    -------------------

                         (clock sys_clk_pin rise edge)
                                                      0.000     0.000 r  
    K17                                               0.000     0.000 r  sysclk (IN)
                         net (fo=0)                   0.000     0.000    sysclk
    K17                  IBUF (Prop_ibuf_I_O)         1.421     1.421 r  sysclk_IBUF_inst/O
                         net (fo=1, routed)           1.880     3.301    sysclk_IBUF
    BUFGCTRL_X0Y16       BUFG (Prop_bufg_I_O)         0.091     3.392 r  sysclk_IBUF_BUFG_inst/O
                         net (fo=28, routed)          1.563     4.955    uut/sysclk
    SLICE_X43Y54         FDRE                                         r  uut/count_reg[15]/C

Slack:                    inf
  Source:                 rst
                            (input port)
  Destination:            uut/count_reg[0]/R
                            (rising edge-triggered cell FDRE clocked by sys_clk_pin  {rise@0.000ns fall@4.000ns period=8.000ns})
  Path Group:             (none)
  Path Type:              Setup (Max at Slow Process Corner)
  Data Path Delay:        5.685ns  (logic 1.973ns (34.703%)  route 3.712ns (65.297%))
  Logic Levels:           3  (IBUF=1 LUT4=2)
  Clock Path Skew:        4.956ns (DCD - SCD + CPR)
    Destination Clock Delay (DCD):    4.956ns
    Source Clock Delay      (SCD):    0.000ns
    Clock Pessimism Removal (CPR):    0.000ns
  Clock Uncertainty:      0.025ns  ((TSJ^2 + TIJ^2)^1/2 + DJ) / 2 + PE
    Total System Jitter     (TSJ):    0.050ns
    Total Input Jitter      (TIJ):    0.000ns
    Discrete Jitter          (DJ):    0.000ns
    Phase Error              (PE):    0.000ns

    Location             Delay type                Incr(ns)  Path(ns)    Netlist Resource(s)
  -------------------------------------------------------------------    -------------------
    K18                                               0.000     0.000 r  rst (IN)
                         net (fo=0)                   0.000     0.000    rst
    K18                  IBUF (Prop_ibuf_I_O)         1.489     1.489 r  rst_IBUF_inst/O
                         net (fo=1, routed)           2.111     3.600    uut/rst_IBUF
    SLICE_X42Y53         LUT4 (Prop_lut4_I0_O)        0.153     3.753 r  uut/count[0]_i_3/O
                         net (fo=2, routed)           0.707     4.460    uut/count[0]_i_3_n_0
    SLICE_X42Y53         LUT4 (Prop_lut4_I0_O)        0.331     4.791 r  uut/count[0]_i_1/O
                         net (fo=27, routed)          0.894     5.685    uut/count[0]_i_1_n_0
    SLICE_X43Y51         FDRE                                         r  uut/count_reg[0]/R
  -------------------------------------------------------------------    -------------------

                         (clock sys_clk_pin rise edge)
                                                      0.000     0.000 r  
    K17                                               0.000     0.000 r  sysclk (IN)
                         net (fo=0)                   0.000     0.000    sysclk
    K17                  IBUF (Prop_ibuf_I_O)         1.421     1.421 r  sysclk_IBUF_inst/O
                         net (fo=1, routed)           1.880     3.301    sysclk_IBUF
    BUFGCTRL_X0Y16       BUFG (Prop_bufg_I_O)         0.091     3.392 r  sysclk_IBUF_BUFG_inst/O
                         net (fo=28, routed)          1.564     4.956    uut/sysclk
    SLICE_X43Y51         FDRE                                         r  uut/count_reg[0]/C

Slack:                    inf
  Source:                 rst
                            (input port)
  Destination:            uut/count_reg[1]/R
                            (rising edge-triggered cell FDRE clocked by sys_clk_pin  {rise@0.000ns fall@4.000ns period=8.000ns})
  Path Group:             (none)
  Path Type:              Setup (Max at Slow Process Corner)
  Data Path Delay:        5.685ns  (logic 1.973ns (34.703%)  route 3.712ns (65.297%))
  Logic Levels:           3  (IBUF=1 LUT4=2)
  Clock Path Skew:        4.956ns (DCD - SCD + CPR)
    Destination Clock Delay (DCD):    4.956ns
    Source Clock Delay      (SCD):    0.000ns
    Clock Pessimism Removal (CPR):    0.000ns
  Clock Uncertainty:      0.025ns  ((TSJ^2 + TIJ^2)^1/2 + DJ) / 2 + PE
    Total System Jitter     (TSJ):    0.050ns
    Total Input Jitter      (TIJ):    0.000ns
    Discrete Jitter          (DJ):    0.000ns
    Phase Error              (PE):    0.000ns

    Location             Delay type                Incr(ns)  Path(ns)    Netlist Resource(s)
  -------------------------------------------------------------------    -------------------
    K18                                               0.000     0.000 r  rst (IN)
                         net (fo=0)                   0.000     0.000    rst
    K18                  IBUF (Prop_ibuf_I_O)         1.489     1.489 r  rst_IBUF_inst/O
                         net (fo=1, routed)           2.111     3.600    uut/rst_IBUF
    SLICE_X42Y53         LUT4 (Prop_lut4_I0_O)        0.153     3.753 r  uut/count[0]_i_3/O
                         net (fo=2, routed)           0.707     4.460    uut/count[0]_i_3_n_0
    SLICE_X42Y53         LUT4 (Prop_lut4_I0_O)        0.331     4.791 r  uut/count[0]_i_1/O
                         net (fo=27, routed)          0.894     5.685    uut/count[0]_i_1_n_0
    SLICE_X43Y51         FDRE                                         r  uut/count_reg[1]/R
  -------------------------------------------------------------------    -------------------

                         (clock sys_clk_pin rise edge)
                                                      0.000     0.000 r  
    K17                                               0.000     0.000 r  sysclk (IN)
                         net (fo=0)                   0.000     0.000    sysclk
    K17                  IBUF (Prop_ibuf_I_O)         1.421     1.421 r  sysclk_IBUF_inst/O
                         net (fo=1, routed)           1.880     3.301    sysclk_IBUF
    BUFGCTRL_X0Y16       BUFG (Prop_bufg_I_O)         0.091     3.392 r  sysclk_IBUF_BUFG_inst/O
                         net (fo=28, routed)          1.564     4.956    uut/sysclk
    SLICE_X43Y51         FDRE                                         r  uut/count_reg[1]/C

Slack:                    inf
  Source:                 rst
                            (input port)
  Destination:            uut/count_reg[2]/R
                            (rising edge-triggered cell FDRE clocked by sys_clk_pin  {rise@0.000ns fall@4.000ns period=8.000ns})
  Path Group:             (none)
  Path Type:              Setup (Max at Slow Process Corner)
  Data Path Delay:        5.685ns  (logic 1.973ns (34.703%)  route 3.712ns (65.297%))
  Logic Levels:           3  (IBUF=1 LUT4=2)
  Clock Path Skew:        4.956ns (DCD - SCD + CPR)
    Destination Clock Delay (DCD):    4.956ns
    Source Clock Delay      (SCD):    0.000ns
    Clock Pessimism Removal (CPR):    0.000ns
  Clock Uncertainty:      0.025ns  ((TSJ^2 + TIJ^2)^1/2 + DJ) / 2 + PE
    Total System Jitter     (TSJ):    0.050ns
    Total Input Jitter      (TIJ):    0.000ns
    Discrete Jitter          (DJ):    0.000ns
    Phase Error              (PE):    0.000ns

    Location             Delay type                Incr(ns)  Path(ns)    Netlist Resource(s)
  -------------------------------------------------------------------    -------------------
    K18                                               0.000     0.000 r  rst (IN)
                         net (fo=0)                   0.000     0.000    rst
    K18                  IBUF (Prop_ibuf_I_O)         1.489     1.489 r  rst_IBUF_inst/O
                         net (fo=1, routed)           2.111     3.600    uut/rst_IBUF
    SLICE_X42Y53         LUT4 (Prop_lut4_I0_O)        0.153     3.753 r  uut/count[0]_i_3/O
                         net (fo=2, routed)           0.707     4.460    uut/count[0]_i_3_n_0
    SLICE_X42Y53         LUT4 (Prop_lut4_I0_O)        0.331     4.791 r  uut/count[0]_i_1/O
                         net (fo=27, routed)          0.894     5.685    uut/count[0]_i_1_n_0
    SLICE_X43Y51         FDRE                                         r  uut/count_reg[2]/R
  -------------------------------------------------------------------    -------------------

                         (clock sys_clk_pin rise edge)
                                                      0.000     0.000 r  
    K17                                               0.000     0.000 r  sysclk (IN)
                         net (fo=0)                   0.000     0.000    sysclk
    K17                  IBUF (Prop_ibuf_I_O)         1.421     1.421 r  sysclk_IBUF_inst/O
                         net (fo=1, routed)           1.880     3.301    sysclk_IBUF
    BUFGCTRL_X0Y16       BUFG (Prop_bufg_I_O)         0.091     3.392 r  sysclk_IBUF_BUFG_inst/O
                         net (fo=28, routed)          1.564     4.956    uut/sysclk
    SLICE_X43Y51         FDRE                                         r  uut/count_reg[2]/C

Slack:                    inf
  Source:                 rst
                            (input port)
  Destination:            uut/count_reg[3]/R
                            (rising edge-triggered cell FDRE clocked by sys_clk_pin  {rise@0.000ns fall@4.000ns period=8.000ns})
  Path Group:             (none)
  Path Type:              Setup (Max at Slow Process Corner)
  Data Path Delay:        5.685ns  (logic 1.973ns (34.703%)  route 3.712ns (65.297%))
  Logic Levels:           3  (IBUF=1 LUT4=2)
  Clock Path Skew:        4.956ns (DCD - SCD + CPR)
    Destination Clock Delay (DCD):    4.956ns
    Source Clock Delay      (SCD):    0.000ns
    Clock Pessimism Removal (CPR):    0.000ns
  Clock Uncertainty:      0.025ns  ((TSJ^2 + TIJ^2)^1/2 + DJ) / 2 + PE
    Total System Jitter     (TSJ):    0.050ns
    Total Input Jitter      (TIJ):    0.000ns
    Discrete Jitter          (DJ):    0.000ns
    Phase Error              (PE):    0.000ns

    Location             Delay type                Incr(ns)  Path(ns)    Netlist Resource(s)
  -------------------------------------------------------------------    -------------------
    K18                                               0.000     0.000 r  rst (IN)
                         net (fo=0)                   0.000     0.000    rst
    K18                  IBUF (Prop_ibuf_I_O)         1.489     1.489 r  rst_IBUF_inst/O
                         net (fo=1, routed)           2.111     3.600    uut/rst_IBUF
    SLICE_X42Y53         LUT4 (Prop_lut4_I0_O)        0.153     3.753 r  uut/count[0]_i_3/O
                         net (fo=2, routed)           0.707     4.460    uut/count[0]_i_3_n_0
    SLICE_X42Y53         LUT4 (Prop_lut4_I0_O)        0.331     4.791 r  uut/count[0]_i_1/O
                         net (fo=27, routed)          0.894     5.685    uut/count[0]_i_1_n_0
    SLICE_X43Y51         FDRE                                         r  uut/count_reg[3]/R
  -------------------------------------------------------------------    -------------------

                         (clock sys_clk_pin rise edge)
                                                      0.000     0.000 r  
    K17                                               0.000     0.000 r  sysclk (IN)
                         net (fo=0)                   0.000     0.000    sysclk
    K17                  IBUF (Prop_ibuf_I_O)         1.421     1.421 r  sysclk_IBUF_inst/O
                         net (fo=1, routed)           1.880     3.301    sysclk_IBUF
    BUFGCTRL_X0Y16       BUFG (Prop_bufg_I_O)         0.091     3.392 r  sysclk_IBUF_BUFG_inst/O
                         net (fo=28, routed)          1.564     4.956    uut/sysclk
    SLICE_X43Y51         FDRE                                         r  uut/count_reg[3]/C

Slack:                    inf
  Source:                 rst
                            (input port)
  Destination:            uut/count_reg[24]/R
                            (rising edge-triggered cell FDRE clocked by sys_clk_pin  {rise@0.000ns fall@4.000ns period=8.000ns})
  Path Group:             (none)
  Path Type:              Setup (Max at Slow Process Corner)
  Data Path Delay:        5.578ns  (logic 1.973ns (35.366%)  route 3.606ns (64.634%))
  Logic Levels:           3  (IBUF=1 LUT4=2)
  Clock Path Skew:        4.954ns (DCD - SCD + CPR)
    Destination Clock Delay (DCD):    4.954ns
    Source Clock Delay      (SCD):    0.000ns
    Clock Pessimism Removal (CPR):    0.000ns
  Clock Uncertainty:      0.025ns  ((TSJ^2 + TIJ^2)^1/2 + DJ) / 2 + PE
    Total System Jitter     (TSJ):    0.050ns
    Total Input Jitter      (TIJ):    0.000ns
    Discrete Jitter          (DJ):    0.000ns
    Phase Error              (PE):    0.000ns

    Location             Delay type                Incr(ns)  Path(ns)    Netlist Resource(s)
  -------------------------------------------------------------------    -------------------
    K18                                               0.000     0.000 r  rst (IN)
                         net (fo=0)                   0.000     0.000    rst
    K18                  IBUF (Prop_ibuf_I_O)         1.489     1.489 r  rst_IBUF_inst/O
                         net (fo=1, routed)           2.111     3.600    uut/rst_IBUF
    SLICE_X42Y53         LUT4 (Prop_lut4_I0_O)        0.153     3.753 r  uut/count[0]_i_3/O
                         net (fo=2, routed)           0.707     4.460    uut/count[0]_i_3_n_0
    SLICE_X42Y53         LUT4 (Prop_lut4_I0_O)        0.331     4.791 r  uut/count[0]_i_1/O
                         net (fo=27, routed)          0.788     5.578    uut/count[0]_i_1_n_0
    SLICE_X43Y57         FDRE                                         r  uut/count_reg[24]/R
  -------------------------------------------------------------------    -------------------

                         (clock sys_clk_pin rise edge)
                                                      0.000     0.000 r  
    K17                                               0.000     0.000 r  sysclk (IN)
                         net (fo=0)                   0.000     0.000    sysclk
    K17                  IBUF (Prop_ibuf_I_O)         1.421     1.421 r  sysclk_IBUF_inst/O
                         net (fo=1, routed)           1.880     3.301    sysclk_IBUF
    BUFGCTRL_X0Y16       BUFG (Prop_bufg_I_O)         0.091     3.392 r  sysclk_IBUF_BUFG_inst/O
                         net (fo=28, routed)          1.562     4.954    uut/sysclk
    SLICE_X43Y57         FDRE                                         r  uut/count_reg[24]/C

Slack:                    inf
  Source:                 rst
                            (input port)
  Destination:            uut/count_reg[25]/R
                            (rising edge-triggered cell FDRE clocked by sys_clk_pin  {rise@0.000ns fall@4.000ns period=8.000ns})
  Path Group:             (none)
  Path Type:              Setup (Max at Slow Process Corner)
  Data Path Delay:        5.578ns  (logic 1.973ns (35.366%)  route 3.606ns (64.634%))
  Logic Levels:           3  (IBUF=1 LUT4=2)
  Clock Path Skew:        4.954ns (DCD - SCD + CPR)
    Destination Clock Delay (DCD):    4.954ns
    Source Clock Delay      (SCD):    0.000ns
    Clock Pessimism Removal (CPR):    0.000ns
  Clock Uncertainty:      0.025ns  ((TSJ^2 + TIJ^2)^1/2 + DJ) / 2 + PE
    Total System Jitter     (TSJ):    0.050ns
    Total Input Jitter      (TIJ):    0.000ns
    Discrete Jitter          (DJ):    0.000ns
    Phase Error              (PE):    0.000ns

    Location             Delay type                Incr(ns)  Path(ns)    Netlist Resource(s)
  -------------------------------------------------------------------    -------------------
    K18                                               0.000     0.000 r  rst (IN)
                         net (fo=0)                   0.000     0.000    rst
    K18                  IBUF (Prop_ibuf_I_O)         1.489     1.489 r  rst_IBUF_inst/O
                         net (fo=1, routed)           2.111     3.600    uut/rst_IBUF
    SLICE_X42Y53         LUT4 (Prop_lut4_I0_O)        0.153     3.753 r  uut/count[0]_i_3/O
                         net (fo=2, routed)           0.707     4.460    uut/count[0]_i_3_n_0
    SLICE_X42Y53         LUT4 (Prop_lut4_I0_O)        0.331     4.791 r  uut/count[0]_i_1/O
                         net (fo=27, routed)          0.788     5.578    uut/count[0]_i_1_n_0
    SLICE_X43Y57         FDRE                                         r  uut/count_reg[25]/R
  -------------------------------------------------------------------    -------------------

                         (clock sys_clk_pin rise edge)
                                                      0.000     0.000 r  
    K17                                               0.000     0.000 r  sysclk (IN)
                         net (fo=0)                   0.000     0.000    sysclk
    K17                  IBUF (Prop_ibuf_I_O)         1.421     1.421 r  sysclk_IBUF_inst/O
                         net (fo=1, routed)           1.880     3.301    sysclk_IBUF
    BUFGCTRL_X0Y16       BUFG (Prop_bufg_I_O)         0.091     3.392 r  sysclk_IBUF_BUFG_inst/O
                         net (fo=28, routed)          1.562     4.954    uut/sysclk
    SLICE_X43Y57         FDRE                                         r  uut/count_reg[25]/C





Min Delay Paths
--------------------------------------------------------------------------------------
Slack:                    inf
  Source:                 sw[0]
                            (input port)
  Destination:            uut/led_val_reg/D
                            (rising edge-triggered cell FDRE clocked by sys_clk_pin  {rise@0.000ns fall@4.000ns period=8.000ns})
  Path Group:             (none)
  Path Type:              Hold (Min at Fast Process Corner)
  Data Path Delay:        1.162ns  (logic 0.378ns (32.563%)  route 0.784ns (67.437%))
  Logic Levels:           3  (IBUF=1 LUT4=1 LUT5=1)
  Clock Path Skew:        2.017ns (DCD - SCD - CPR)
    Destination Clock Delay (DCD):    2.017ns
    Source Clock Delay      (SCD):    0.000ns
    Clock Pessimism Removal (CPR):    -0.000ns

    Location             Delay type                Incr(ns)  Path(ns)    Netlist Resource(s)
  -------------------------------------------------------------------    -------------------
    G15                                               0.000     0.000 r  sw[0] (IN)
                         net (fo=0)                   0.000     0.000    sw[0]
    G15                  IBUF (Prop_ibuf_I_O)         0.220     0.220 r  sw_IBUF[0]_inst/O
                         net (fo=4, routed)           0.679     0.900    uut/sw_IBUF[0]
    SLICE_X42Y53         LUT4 (Prop_lut4_I2_O)        0.045     0.945 f  uut/count[0]_i_3/O
                         net (fo=2, routed)           0.105     1.049    uut/count[0]_i_3_n_0
    SLICE_X42Y53         LUT5 (Prop_lut5_I4_O)        0.113     1.162 r  uut/led_val_i_1/O
                         net (fo=1, routed)           0.000     1.162    uut/led_val_i_1_n_0
    SLICE_X42Y53         FDRE                                         r  uut/led_val_reg/D
  -------------------------------------------------------------------    -------------------

                         (clock sys_clk_pin rise edge)
                                                      0.000     0.000 r  
    K17                                               0.000     0.000 r  sysclk (IN)
                         net (fo=0)                   0.000     0.000    sysclk
    K17                  IBUF (Prop_ibuf_I_O)         0.447     0.447 r  sysclk_IBUF_inst/O
                         net (fo=1, routed)           0.683     1.130    sysclk_IBUF
    BUFGCTRL_X0Y16       BUFG (Prop_bufg_I_O)         0.029     1.159 r  sysclk_IBUF_BUFG_inst/O
                         net (fo=28, routed)          0.858     2.017    uut/sysclk
    SLICE_X42Y53         FDRE                                         r  uut/led_val_reg/C

Slack:                    inf
  Source:                 sw[0]
                            (input port)
  Destination:            uut/count_reg[16]/R
                            (rising edge-triggered cell FDRE clocked by sys_clk_pin  {rise@0.000ns fall@4.000ns period=8.000ns})
  Path Group:             (none)
  Path Type:              Hold (Min at Fast Process Corner)
  Data Path Delay:        1.459ns  (logic 0.378ns (25.935%)  route 1.081ns (74.065%))
  Logic Levels:           3  (IBUF=1 LUT4=2)
  Clock Path Skew:        2.017ns (DCD - SCD - CPR)
    Destination Clock Delay (DCD):    2.017ns
    Source Clock Delay      (SCD):    0.000ns
    Clock Pessimism Removal (CPR):    -0.000ns

    Location             Delay type                Incr(ns)  Path(ns)    Netlist Resource(s)
  -------------------------------------------------------------------    -------------------
    G15                                               0.000     0.000 r  sw[0] (IN)
                         net (fo=0)                   0.000     0.000    sw[0]
    G15                  IBUF (Prop_ibuf_I_O)         0.220     0.220 r  sw_IBUF[0]_inst/O
                         net (fo=4, routed)           0.679     0.900    uut/sw_IBUF[0]
    SLICE_X42Y53         LUT4 (Prop_lut4_I2_O)        0.045     0.945 r  uut/count[0]_i_3/O
                         net (fo=2, routed)           0.212     1.156    uut/count[0]_i_3_n_0
    SLICE_X42Y53         LUT4 (Prop_lut4_I0_O)        0.113     1.269 r  uut/count[0]_i_1/O
                         net (fo=27, routed)          0.190     1.459    uut/count[0]_i_1_n_0
    SLICE_X43Y55         FDRE                                         r  uut/count_reg[16]/R
  -------------------------------------------------------------------    -------------------

                         (clock sys_clk_pin rise edge)
                                                      0.000     0.000 r  
    K17                                               0.000     0.000 r  sysclk (IN)
                         net (fo=0)                   0.000     0.000    sysclk
    K17                  IBUF (Prop_ibuf_I_O)         0.447     0.447 r  sysclk_IBUF_inst/O
                         net (fo=1, routed)           0.683     1.130    sysclk_IBUF
    BUFGCTRL_X0Y16       BUFG (Prop_bufg_I_O)         0.029     1.159 r  sysclk_IBUF_BUFG_inst/O
                         net (fo=28, routed)          0.858     2.017    uut/sysclk
    SLICE_X43Y55         FDRE                                         r  uut/count_reg[16]/C

Slack:                    inf
  Source:                 sw[0]
                            (input port)
  Destination:            uut/count_reg[17]/R
                            (rising edge-triggered cell FDRE clocked by sys_clk_pin  {rise@0.000ns fall@4.000ns period=8.000ns})
  Path Group:             (none)
  Path Type:              Hold (Min at Fast Process Corner)
  Data Path Delay:        1.459ns  (logic 0.378ns (25.935%)  route 1.081ns (74.065%))
  Logic Levels:           3  (IBUF=1 LUT4=2)
  Clock Path Skew:        2.017ns (DCD - SCD - CPR)
    Destination Clock Delay (DCD):    2.017ns
    Source Clock Delay      (SCD):    0.000ns
    Clock Pessimism Removal (CPR):    -0.000ns

    Location             Delay type                Incr(ns)  Path(ns)    Netlist Resource(s)
  -------------------------------------------------------------------    -------------------
    G15                                               0.000     0.000 r  sw[0] (IN)
                         net (fo=0)                   0.000     0.000    sw[0]
    G15                  IBUF (Prop_ibuf_I_O)         0.220     0.220 r  sw_IBUF[0]_inst/O
                         net (fo=4, routed)           0.679     0.900    uut/sw_IBUF[0]
    SLICE_X42Y53         LUT4 (Prop_lut4_I2_O)        0.045     0.945 r  uut/count[0]_i_3/O
                         net (fo=2, routed)           0.212     1.156    uut/count[0]_i_3_n_0
    SLICE_X42Y53         LUT4 (Prop_lut4_I0_O)        0.113     1.269 r  uut/count[0]_i_1/O
                         net (fo=27, routed)          0.190     1.459    uut/count[0]_i_1_n_0
    SLICE_X43Y55         FDRE                                         r  uut/count_reg[17]/R
  -------------------------------------------------------------------    -------------------

                         (clock sys_clk_pin rise edge)
                                                      0.000     0.000 r  
    K17                                               0.000     0.000 r  sysclk (IN)
                         net (fo=0)                   0.000     0.000    sysclk
    K17                  IBUF (Prop_ibuf_I_O)         0.447     0.447 r  sysclk_IBUF_inst/O
                         net (fo=1, routed)           0.683     1.130    sysclk_IBUF
    BUFGCTRL_X0Y16       BUFG (Prop_bufg_I_O)         0.029     1.159 r  sysclk_IBUF_BUFG_inst/O
                         net (fo=28, routed)          0.858     2.017    uut/sysclk
    SLICE_X43Y55         FDRE                                         r  uut/count_reg[17]/C

Slack:                    inf
  Source:                 sw[0]
                            (input port)
  Destination:            uut/count_reg[18]/R
                            (rising edge-triggered cell FDRE clocked by sys_clk_pin  {rise@0.000ns fall@4.000ns period=8.000ns})
  Path Group:             (none)
  Path Type:              Hold (Min at Fast Process Corner)
  Data Path Delay:        1.459ns  (logic 0.378ns (25.935%)  route 1.081ns (74.065%))
  Logic Levels:           3  (IBUF=1 LUT4=2)
  Clock Path Skew:        2.017ns (DCD - SCD - CPR)
    Destination Clock Delay (DCD):    2.017ns
    Source Clock Delay      (SCD):    0.000ns
    Clock Pessimism Removal (CPR):    -0.000ns

    Location             Delay type                Incr(ns)  Path(ns)    Netlist Resource(s)
  -------------------------------------------------------------------    -------------------
    G15                                               0.000     0.000 r  sw[0] (IN)
                         net (fo=0)                   0.000     0.000    sw[0]
    G15                  IBUF (Prop_ibuf_I_O)         0.220     0.220 r  sw_IBUF[0]_inst/O
                         net (fo=4, routed)           0.679     0.900    uut/sw_IBUF[0]
    SLICE_X42Y53         LUT4 (Prop_lut4_I2_O)        0.045     0.945 r  uut/count[0]_i_3/O
                         net (fo=2, routed)           0.212     1.156    uut/count[0]_i_3_n_0
    SLICE_X42Y53         LUT4 (Prop_lut4_I0_O)        0.113     1.269 r  uut/count[0]_i_1/O
                         net (fo=27, routed)          0.190     1.459    uut/count[0]_i_1_n_0
    SLICE_X43Y55         FDRE                                         r  uut/count_reg[18]/R
  -------------------------------------------------------------------    -------------------

                         (clock sys_clk_pin rise edge)
                                                      0.000     0.000 r  
    K17                                               0.000     0.000 r  sysclk (IN)
                         net (fo=0)                   0.000     0.000    sysclk
    K17                  IBUF (Prop_ibuf_I_O)         0.447     0.447 r  sysclk_IBUF_inst/O
                         net (fo=1, routed)           0.683     1.130    sysclk_IBUF
    BUFGCTRL_X0Y16       BUFG (Prop_bufg_I_O)         0.029     1.159 r  sysclk_IBUF_BUFG_inst/O
                         net (fo=28, routed)          0.858     2.017    uut/sysclk
    SLICE_X43Y55         FDRE                                         r  uut/count_reg[18]/C

Slack:                    inf
  Source:                 sw[0]
                            (input port)
  Destination:            uut/count_reg[19]/R
                            (rising edge-triggered cell FDRE clocked by sys_clk_pin  {rise@0.000ns fall@4.000ns period=8.000ns})
  Path Group:             (none)
  Path Type:              Hold (Min at Fast Process Corner)
  Data Path Delay:        1.459ns  (logic 0.378ns (25.935%)  route 1.081ns (74.065%))
  Logic Levels:           3  (IBUF=1 LUT4=2)
  Clock Path Skew:        2.017ns (DCD - SCD - CPR)
    Destination Clock Delay (DCD):    2.017ns
    Source Clock Delay      (SCD):    0.000ns
    Clock Pessimism Removal (CPR):    -0.000ns

    Location             Delay type                Incr(ns)  Path(ns)    Netlist Resource(s)
  -------------------------------------------------------------------    -------------------
    G15                                               0.000     0.000 r  sw[0] (IN)
                         net (fo=0)                   0.000     0.000    sw[0]
    G15                  IBUF (Prop_ibuf_I_O)         0.220     0.220 r  sw_IBUF[0]_inst/O
                         net (fo=4, routed)           0.679     0.900    uut/sw_IBUF[0]
    SLICE_X42Y53         LUT4 (Prop_lut4_I2_O)        0.045     0.945 r  uut/count[0]_i_3/O
                         net (fo=2, routed)           0.212     1.156    uut/count[0]_i_3_n_0
    SLICE_X42Y53         LUT4 (Prop_lut4_I0_O)        0.113     1.269 r  uut/count[0]_i_1/O
                         net (fo=27, routed)          0.190     1.459    uut/count[0]_i_1_n_0
    SLICE_X43Y55         FDRE                                         r  uut/count_reg[19]/R
  -------------------------------------------------------------------    -------------------

                         (clock sys_clk_pin rise edge)
                                                      0.000     0.000 r  
    K17                                               0.000     0.000 r  sysclk (IN)
                         net (fo=0)                   0.000     0.000    sysclk
    K17                  IBUF (Prop_ibuf_I_O)         0.447     0.447 r  sysclk_IBUF_inst/O
                         net (fo=1, routed)           0.683     1.130    sysclk_IBUF
    BUFGCTRL_X0Y16       BUFG (Prop_bufg_I_O)         0.029     1.159 r  sysclk_IBUF_BUFG_inst/O
                         net (fo=28, routed)          0.858     2.017    uut/sysclk
    SLICE_X43Y55         FDRE                                         r  uut/count_reg[19]/C

Slack:                    inf
  Source:                 sw[0]
                            (input port)
  Destination:            uut/count_reg[10]/R
                            (rising edge-triggered cell FDRE clocked by sys_clk_pin  {rise@0.000ns fall@4.000ns period=8.000ns})
  Path Group:             (none)
  Path Type:              Hold (Min at Fast Process Corner)
  Data Path Delay:        1.461ns  (logic 0.378ns (25.908%)  route 1.082ns (74.092%))
  Logic Levels:           3  (IBUF=1 LUT4=2)
  Clock Path Skew:        2.017ns (DCD - SCD - CPR)
    Destination Clock Delay (DCD):    2.017ns
    Source Clock Delay      (SCD):    0.000ns
    Clock Pessimism Removal (CPR):    -0.000ns

    Location             Delay type                Incr(ns)  Path(ns)    Netlist Resource(s)
  -------------------------------------------------------------------    -------------------
    G15                                               0.000     0.000 r  sw[0] (IN)
                         net (fo=0)                   0.000     0.000    sw[0]
    G15                  IBUF (Prop_ibuf_I_O)         0.220     0.220 r  sw_IBUF[0]_inst/O
                         net (fo=4, routed)           0.679     0.900    uut/sw_IBUF[0]
    SLICE_X42Y53         LUT4 (Prop_lut4_I2_O)        0.045     0.945 r  uut/count[0]_i_3/O
                         net (fo=2, routed)           0.212     1.156    uut/count[0]_i_3_n_0
    SLICE_X42Y53         LUT4 (Prop_lut4_I0_O)        0.113     1.269 r  uut/count[0]_i_1/O
                         net (fo=27, routed)          0.192     1.461    uut/count[0]_i_1_n_0
    SLICE_X43Y53         FDRE                                         r  uut/count_reg[10]/R
  -------------------------------------------------------------------    -------------------

                         (clock sys_clk_pin rise edge)
                                                      0.000     0.000 r  
    K17                                               0.000     0.000 r  sysclk (IN)
                         net (fo=0)                   0.000     0.000    sysclk
    K17                  IBUF (Prop_ibuf_I_O)         0.447     0.447 r  sysclk_IBUF_inst/O
                         net (fo=1, routed)           0.683     1.130    sysclk_IBUF
    BUFGCTRL_X0Y16       BUFG (Prop_bufg_I_O)         0.029     1.159 r  sysclk_IBUF_BUFG_inst/O
                         net (fo=28, routed)          0.858     2.017    uut/sysclk
    SLICE_X43Y53         FDRE                                         r  uut/count_reg[10]/C

Slack:                    inf
  Source:                 sw[0]
                            (input port)
  Destination:            uut/count_reg[11]/R
                            (rising edge-triggered cell FDRE clocked by sys_clk_pin  {rise@0.000ns fall@4.000ns period=8.000ns})
  Path Group:             (none)
  Path Type:              Hold (Min at Fast Process Corner)
  Data Path Delay:        1.461ns  (logic 0.378ns (25.908%)  route 1.082ns (74.092%))
  Logic Levels:           3  (IBUF=1 LUT4=2)
  Clock Path Skew:        2.017ns (DCD - SCD - CPR)
    Destination Clock Delay (DCD):    2.017ns
    Source Clock Delay      (SCD):    0.000ns
    Clock Pessimism Removal (CPR):    -0.000ns

    Location             Delay type                Incr(ns)  Path(ns)    Netlist Resource(s)
  -------------------------------------------------------------------    -------------------
    G15                                               0.000     0.000 r  sw[0] (IN)
                         net (fo=0)                   0.000     0.000    sw[0]
    G15                  IBUF (Prop_ibuf_I_O)         0.220     0.220 r  sw_IBUF[0]_inst/O
                         net (fo=4, routed)           0.679     0.900    uut/sw_IBUF[0]
    SLICE_X42Y53         LUT4 (Prop_lut4_I2_O)        0.045     0.945 r  uut/count[0]_i_3/O
                         net (fo=2, routed)           0.212     1.156    uut/count[0]_i_3_n_0
    SLICE_X42Y53         LUT4 (Prop_lut4_I0_O)        0.113     1.269 r  uut/count[0]_i_1/O
                         net (fo=27, routed)          0.192     1.461    uut/count[0]_i_1_n_0
    SLICE_X43Y53         FDRE                                         r  uut/count_reg[11]/R
  -------------------------------------------------------------------    -------------------

                         (clock sys_clk_pin rise edge)
                                                      0.000     0.000 r  
    K17                                               0.000     0.000 r  sysclk (IN)
                         net (fo=0)                   0.000     0.000    sysclk
    K17                  IBUF (Prop_ibuf_I_O)         0.447     0.447 r  sysclk_IBUF_inst/O
                         net (fo=1, routed)           0.683     1.130    sysclk_IBUF
    BUFGCTRL_X0Y16       BUFG (Prop_bufg_I_O)         0.029     1.159 r  sysclk_IBUF_BUFG_inst/O
                         net (fo=28, routed)          0.858     2.017    uut/sysclk
    SLICE_X43Y53         FDRE                                         r  uut/count_reg[11]/C

Slack:                    inf
  Source:                 sw[0]
                            (input port)
  Destination:            uut/count_reg[8]/R
                            (rising edge-triggered cell FDRE clocked by sys_clk_pin  {rise@0.000ns fall@4.000ns period=8.000ns})
  Path Group:             (none)
  Path Type:              Hold (Min at Fast Process Corner)
  Data Path Delay:        1.461ns  (logic 0.378ns (25.908%)  route 1.082ns (74.092%))
  Logic Levels:           3  (IBUF=1 LUT4=2)
  Clock Path Skew:        2.017ns (DCD - SCD - CPR)
    Destination Clock Delay (DCD):    2.017ns
    Source Clock Delay      (SCD):    0.000ns
    Clock Pessimism Removal (CPR):    -0.000ns

    Location             Delay type                Incr(ns)  Path(ns)    Netlist Resource(s)
  -------------------------------------------------------------------    -------------------
    G15                                               0.000     0.000 r  sw[0] (IN)
                         net (fo=0)                   0.000     0.000    sw[0]
    G15                  IBUF (Prop_ibuf_I_O)         0.220     0.220 r  sw_IBUF[0]_inst/O
                         net (fo=4, routed)           0.679     0.900    uut/sw_IBUF[0]
    SLICE_X42Y53         LUT4 (Prop_lut4_I2_O)        0.045     0.945 r  uut/count[0]_i_3/O
                         net (fo=2, routed)           0.212     1.156    uut/count[0]_i_3_n_0
    SLICE_X42Y53         LUT4 (Prop_lut4_I0_O)        0.113     1.269 r  uut/count[0]_i_1/O
                         net (fo=27, routed)          0.192     1.461    uut/count[0]_i_1_n_0
    SLICE_X43Y53         FDRE                                         r  uut/count_reg[8]/R
  -------------------------------------------------------------------    -------------------

                         (clock sys_clk_pin rise edge)
                                                      0.000     0.000 r  
    K17                                               0.000     0.000 r  sysclk (IN)
                         net (fo=0)                   0.000     0.000    sysclk
    K17                  IBUF (Prop_ibuf_I_O)         0.447     0.447 r  sysclk_IBUF_inst/O
                         net (fo=1, routed)           0.683     1.130    sysclk_IBUF
    BUFGCTRL_X0Y16       BUFG (Prop_bufg_I_O)         0.029     1.159 r  sysclk_IBUF_BUFG_inst/O
                         net (fo=28, routed)          0.858     2.017    uut/sysclk
    SLICE_X43Y53         FDRE                                         r  uut/count_reg[8]/C

Slack:                    inf
  Source:                 sw[0]
                            (input port)
  Destination:            uut/count_reg[9]/R
                            (rising edge-triggered cell FDRE clocked by sys_clk_pin  {rise@0.000ns fall@4.000ns period=8.000ns})
  Path Group:             (none)
  Path Type:              Hold (Min at Fast Process Corner)
  Data Path Delay:        1.461ns  (logic 0.378ns (25.908%)  route 1.082ns (74.092%))
  Logic Levels:           3  (IBUF=1 LUT4=2)
  Clock Path Skew:        2.017ns (DCD - SCD - CPR)
    Destination Clock Delay (DCD):    2.017ns
    Source Clock Delay      (SCD):    0.000ns
    Clock Pessimism Removal (CPR):    -0.000ns

    Location             Delay type                Incr(ns)  Path(ns)    Netlist Resource(s)
  -------------------------------------------------------------------    -------------------
    G15                                               0.000     0.000 r  sw[0] (IN)
                         net (fo=0)                   0.000     0.000    sw[0]
    G15                  IBUF (Prop_ibuf_I_O)         0.220     0.220 r  sw_IBUF[0]_inst/O
                         net (fo=4, routed)           0.679     0.900    uut/sw_IBUF[0]
    SLICE_X42Y53         LUT4 (Prop_lut4_I2_O)        0.045     0.945 r  uut/count[0]_i_3/O
                         net (fo=2, routed)           0.212     1.156    uut/count[0]_i_3_n_0
    SLICE_X42Y53         LUT4 (Prop_lut4_I0_O)        0.113     1.269 r  uut/count[0]_i_1/O
                         net (fo=27, routed)          0.192     1.461    uut/count[0]_i_1_n_0
    SLICE_X43Y53         FDRE                                         r  uut/count_reg[9]/R
  -------------------------------------------------------------------    -------------------

                         (clock sys_clk_pin rise edge)
                                                      0.000     0.000 r  
    K17                                               0.000     0.000 r  sysclk (IN)
                         net (fo=0)                   0.000     0.000    sysclk
    K17                  IBUF (Prop_ibuf_I_O)         0.447     0.447 r  sysclk_IBUF_inst/O
                         net (fo=1, routed)           0.683     1.130    sysclk_IBUF
    BUFGCTRL_X0Y16       BUFG (Prop_bufg_I_O)         0.029     1.159 r  sysclk_IBUF_BUFG_inst/O
                         net (fo=28, routed)          0.858     2.017    uut/sysclk
    SLICE_X43Y53         FDRE                                         r  uut/count_reg[9]/C

Slack:                    inf
  Source:                 sw[0]
                            (input port)
  Destination:            uut/count_reg[4]/R
                            (rising edge-triggered cell FDRE clocked by sys_clk_pin  {rise@0.000ns fall@4.000ns period=8.000ns})
  Path Group:             (none)
  Path Type:              Hold (Min at Fast Process Corner)
  Data Path Delay:        1.515ns  (logic 0.378ns (24.979%)  route 1.137ns (75.021%))
  Logic Levels:           3  (IBUF=1 LUT4=2)
  Clock Path Skew:        2.018ns (DCD - SCD - CPR)
    Destination Clock Delay (DCD):    2.018ns
    Source Clock Delay      (SCD):    0.000ns
    Clock Pessimism Removal (CPR):    -0.000ns

    Location             Delay type                Incr(ns)  Path(ns)    Netlist Resource(s)
  -------------------------------------------------------------------    -------------------
    G15                                               0.000     0.000 r  sw[0] (IN)
                         net (fo=0)                   0.000     0.000    sw[0]
    G15                  IBUF (Prop_ibuf_I_O)         0.220     0.220 r  sw_IBUF[0]_inst/O
                         net (fo=4, routed)           0.679     0.900    uut/sw_IBUF[0]
    SLICE_X42Y53         LUT4 (Prop_lut4_I2_O)        0.045     0.945 r  uut/count[0]_i_3/O
                         net (fo=2, routed)           0.212     1.156    uut/count[0]_i_3_n_0
    SLICE_X42Y53         LUT4 (Prop_lut4_I0_O)        0.113     1.269 r  uut/count[0]_i_1/O
                         net (fo=27, routed)          0.246     1.515    uut/count[0]_i_1_n_0
    SLICE_X43Y52         FDRE                                         r  uut/count_reg[4]/R
  -------------------------------------------------------------------    -------------------

                         (clock sys_clk_pin rise edge)
                                                      0.000     0.000 r  
    K17                                               0.000     0.000 r  sysclk (IN)
                         net (fo=0)                   0.000     0.000    sysclk
    K17                  IBUF (Prop_ibuf_I_O)         0.447     0.447 r  sysclk_IBUF_inst/O
                         net (fo=1, routed)           0.683     1.130    sysclk_IBUF
    BUFGCTRL_X0Y16       BUFG (Prop_bufg_I_O)         0.029     1.159 r  sysclk_IBUF_BUFG_inst/O
                         net (fo=28, routed)          0.859     2.018    uut/sysclk
    SLICE_X43Y52         FDRE                                         r  uut/count_reg[4]/C





